hour,day
18,31
2,1
16,20
23,4
15,23
12,27
12,1
0,17
18,21
8,23
14,26
13,14
14,21
14,26
14,14
18,1
13,6
23,22
22,15
10,14
13,17
19,1
16,10
17,14
9,19
11,2
18,16
11,21
15,4
9,1
16,19
9,7
23,30
11,6
17,11
11,14
12,11
15,29
9,14
11,17
13,16
12,29
17,27
17,18
18,14
20,19
8,30
15,23
16,18
10,1
15,17
18,25
18,26
17,20
16,11
12,17
8,27
13,14
16,24
17,13
9,15
17,10
23,12
14,24
18,12
7,12
10,6
9,27
11,8
8,8
9,19
11,7
19,7
14,19
14,25
19,4
14,19
8,14
16,11
16,31
19,9
11,10
17,6
10,3
11,3
5,7
17,5
15,15
15,21
23,4
20,27
23,16
19,4
8,21
11,13
14,20
17,14
15,5
16,18
13,1
18,8
12,5
13,30
22,13
13,3
14,16
13,25
20,3
15,28
10,16
15,8
9,15
17,26
12,27
18,19
17,7
15,28
20,22
17,9
8,29
16,28
13,11
18,26
8,20
20,19
9,5
20,5
13,21
14,14
7,10
8,3
19,10
9,23
13,24
12,17
13,5
20,24
8,23
13,14
12,17
21,17
11,27
21,25
15,6
16,17
17,19
12,8
22,10
18,10
11,4
20,17
22,28
9,14
10,22
10,12
18,13
17,20
18,1
6,10
20,26
14,12
16,10
10,10
14,10
10,19
11,29
17,30
10,8
20,18
16,21
16,2
9,11
8,27
11,14
14,23
12,10
13,27
11,18
14,5
17,13
8,23
8,1
18,19
16,22
19,3
8,23
14,20
9,13
17,22
9,10
9,26
8,7
14,8
10,27
16,27
15,8
9,29
21,4
15,11
17,6
8,5
9,22
14,12
16,23
17,19
9,12
13,18
18,3
13,24
13,30
14,17
14,2
15,27
9,15
14,16
15,22
21,21
19,31
15,12
21,15
14,21
17,13
15,25
10,13
15,27
12,25
6,15
14,3
16,26
7,27
10,9
18,29
15,17
10,16
11,18
17,29
21,23
9,16
14,18
20,12
13,26
18,27
11,23
8,29
15,11
15,5
20,17
15,23
13,4
16,14
13,13
16,10
15,21
16,12
7,4
22,1
8,23
12,21
9,9
10,3
10,11
16,1
22,28
19,16
8,28
21,20
13,29
14,17
19,18
10,13
20,8
12,17
11,13
21,24
18,11
14,5
16,11
8,17
14,10
7,18
21,15
22,5
17,15
15,1
22,30
15,31
11,21
15,14
13,5
11,25
17,4
17,27
11,19
13,14
17,28
8,1
13,11
21,26
16,3
17,24
11,18
13,5
1,23
7,19
12,18
22,20
10,15
12,30
14,15
15,6
16,5
11,6
23,1
16,20
20,3
17,31
14,5
13,28
16,1
16,8
19,8
14,29
11,21
9,28
13,5
16,5
11,8
15,7
12,13
21,3
12,24
15,18
13,19
18,8
15,24
12,10
11,20
8,10
17,6
12,15
13,14
14,1
22,17
17,25
13,18
20,6
15,3
13,8
21,1
23,4
20,4
12,25
23,15
14,18
11,4
9,11
16,12
17,26
18,3
21,25
12,13
15,8
11,3
9,11
2,13
13,16
15,25
17,27
16,3
14,30
12,29
8,1
11,4
10,29
9,17
10,15
14,14
8,11
16,1
17,12
12,5
17,15
17,11
12,1
8,1
11,10
13,12
20,26
19,6
18,3
12,30
13,13
17,4
14,17
22,3
14,10
9,8
1,10
16,2
15,17
18,21
18,10
10,21
14,24
18,13
20,28
8,26
14,10
21,6
13,11
9,16
15,31
20,5
18,7
13,13
15,26
18,28
11,3
11,29
20,9
14,27
10,11
9,7
10,19
14,25
12,13
21,19
15,12
18,10
8,10
19,14
17,31
17,1
12,17
20,6
12,23
17,11
18,12
20,5
19,26
20,26
20,10
18,13
12,16
7,3
17,10
13,3
11,18
19,27
10,26
14,6
8,16
8,26
17,12
13,30
17,12
11,6
20,8
15,3
17,14
14,16
6,23
20,27
21,15
11,20
6,1
11,26
13,23
12,17
18,21
12,20
16,8
10,27
12,15
12,18
8,25
18,8
18,5
16,23
6,8
6,3
12,13
9,6
21,6
2,22
11,23
6,20
9,11
10,1
17,20
17,3
17,18
13,11
15,25
15,24
17,11
12,1
9,23
13,12
21,6
15,16
9,22
19,19
9,29
19,28
5,4
11,24
14,17
15,25
10,20
18,2
18,13
8,5
19,13
18,15
21,27
15,5
8,28
12,21
9,2
18,7
14,14
16,21
17,12
15,23
11,4
11,27
12,21
6,8
11,26
19,10
10,29
10,28
10,30
20,3
11,12
11,23
13,17
10,12
16,16
13,23
8,5
10,3
7,15
8,16
16,2
11,3
18,8
7,6
9,24
22,12
9,21
5,3
10,3
14,5
12,12
17,4
11,3
16,3
17,31
9,17
23,24
22,3
13,15
16,31
19,1
16,2
10,28
14,14
20,8
9,5
17,12
18,15
15,26
16,11
9,15
18,16
22,14
15,5
0,2
18,9
15,17
8,24
15,24
8,13
12,5
10,23
17,6
17,27
16,1
15,13
15,20
8,4
21,3
11,5
16,4
7,23
15,3
18,23
19,4
14,4
11,26
5,27
9,13
14,12
18,13
9,4
8,21
20,6
13,27
14,21
10,28
23,4
8,4
12,9
17,6
21,28
15,6
12,4
14,11
12,3
13,25
10,24
19,23
19,30
19,5
17,12
9,20
10,6
15,8
18,13
7,25
18,6
19,3
11,30
15,22
12,1
9,30
11,14
19,9
17,28
11,16
12,12
20,1
13,7
9,11
15,13
18,23
18,26
16,22
10,16
18,20
10,1
10,23
13,24
17,7
18,13
17,24
11,8
12,26
22,18
10,25
2,6
13,17
10,1
16,9
10,8
15,4
8,12
18,20
15,12
18,29
16,30
17,24
11,8
13,4
16,17
11,27
16,3
9,24
20,2
9,28
17,3
10,17
20,6
12,11
9,18
14,13
18,18
8,26
13,18
14,23
8,23
16,5
14,6
15,11
7,26
11,6
12,12
18,19
10,26
18,10
10,23
17,22
11,28
14,9
22,15
17,6
5,16
16,21
9,4
18,20
14,5
12,13
11,2
18,5
12,6
14,13
11,22
12,13
12,12
20,18
18,30
16,30
16,18
16,21
10,24
18,3
16,22
16,13
15,27
20,5
15,1
10,1
10,28
14,29
1,19
18,13
16,27
20,24
20,1
15,24
19,23
8,13
20,25
10,22
19,13
14,13
13,1
15,11
15,31
14,24
16,6
3,15
11,3
10,21
9,29
17,21
16,7
15,4
20,18
15,5
10,17
16,4
12,23
8,19
12,14
13,28
13,13
18,27
18,3
11,24
15,1
18,6
11,8
13,24
16,16
17,17
13,28
22,10
20,4
7,1
12,8
8,22
17,24
22,26
15,13
15,14
11,24
0,23
22,10
19,3
7,24
8,20
10,19
12,3
12,5
16,20
10,6
8,3
16,25
16,12
8,10
15,1
7,21
17,12
13,1
0,4
10,23
9,6
11,25
19,2
9,3
8,18
16,6
13,5
19,12
17,26
14,19
13,21
9,29
10,28
0,22
13,2
15,2
16,22
11,16
6,14
18,26
10,19
10,23
8,16
18,3
15,17
9,10
17,9
17,7
13,6
15,21
17,5
9,21
18,2
15,11
16,10
14,16
8,18
22,14
14,20
10,26
23,11
16,27
22,28
9,23
13,27
16,5
9,25
17,6
15,6
17,27
10,19
7,23
10,21
12,12
13,19
9,12
11,18
21,3
12,25
18,27
17,1
15,1
15,10
15,1
8,12
14,30
14,30
16,6
21,31
8,21
20,5
13,29
16,19
9,6
17,27
21,3
11,29
15,23
16,20
7,22
18,2
10,14
19,3
12,16
8,12
2,4
14,14
22,19
23,5
17,5
8,1
20,12
16,25
17,19
15,19
12,21
13,10
18,3
9,26
8,14
19,22
16,18
11,23
14,22
12,19
16,16
10,23
15,1
14,24
8,24
12,14
6,1
14,12
19,10
18,23
20,16
11,20
20,27
9,27
10,18
12,22
8,27
18,10
15,23
23,28
17,14
15,18
13,17
18,20
15,6
10,30
14,10
14,8
19,19
18,8
20,16
14,23
17,12
16,30
18,4
16,22
18,28
13,25
19,20
17,30
15,13
20,20
17,6
17,12
7,18
18,28
0,5
16,2
12,25
9,9
8,20
17,9
12,1
20,4
23,6
9,13
18,10
16,27
17,27
13,1
12,15
3,4
17,7
22,19
20,15
15,26
18,12
18,18
19,19
12,23
21,3
13,1
17,5
13,28
17,15
16,4
0,16
9,19
17,31
12,10
9,26
12,12
22,14
19,28
22,21
15,1
17,23
11,25
7,24
23,4
16,28
20,14
12,23
12,13
19,23
14,10
21,23
9,2
7,10
18,10
22,23
23,22
17,22
19,25
12,31
17,31
21,1
17,29
17,19
13,20
16,20
17,6
10,25
17,13
12,3
10,8
11,29
12,8
10,3
8,23
12,3
14,18
15,7
9,20
18,11
16,23
7,14
17,14
9,20
21,28
11,25
10,23
12,10
15,7
12,1
18,30
16,1
11,22
10,1
11,20
10,6
17,24
15,29
21,19
19,30
8,23
12,7
20,17
11,5
8,4
8,31
18,3
11,24
18,10
8,11
12,18
18,12
9,8
16,26
15,15
12,19
14,28
16,16
12,23
16,18
13,11
19,21
20,24
20,20
14,19
10,13
8,29
10,12
15,24
19,14
8,22
21,28
11,16
16,31
15,22
18,5
22,22
13,27
14,23
15,17
17,27
20,20
11,23
15,1
13,4
8,5
19,24
18,23
18,17
17,20
11,14
18,24
20,27
11,6
14,21
13,14
12,11
13,4
17,17
14,21
17,3
19,14
15,7
14,10
15,23
16,19
15,3
12,17
14,22
16,21
5,5
20,3
7,24
13,23
20,25
17,27
7,13
9,12
0,6
16,6
7,17
15,24
14,27
20,22
12,12
13,5
13,4
11,30
14,20
13,25
15,20
12,24
18,3
16,17
13,1
13,20
11,30
10,1
8,29
10,13
19,22
11,13
13,20
5,18
20,20
16,25
15,19
14,7
9,3
9,22
15,21
12,20
18,14
8,24
18,29
10,3
17,10
12,3
5,20
0,9
9,21
20,17
16,14
11,10
15,3
17,10
17,27
10,7
15,12
12,29
0,21
9,5
23,10
16,24
19,21
11,20
8,10
14,31
14,29
10,20
22,13
17,24
14,26
17,3
8,29
18,29
14,4
14,24
11,16
10,21
14,15
17,29
14,26
13,15
7,8
14,13
16,18
18,29
15,6
11,14
15,21
11,20
10,12
17,17
20,19
11,21
14,25
14,5
11,23
16,13
23,5
17,25
15,18
22,6
8,6
8,30
19,13
13,22
8,11
20,30
14,2
21,5
15,19
8,19
17,20
17,11
15,7
13,21
15,29
12,12
6,5
16,13
16,25
15,10
18,1
8,25
11,14
17,11
8,20
20,8
17,20
14,3
18,26
11,7
21,6
15,30
19,9
10,7
19,27
9,3
20,19
12,24
10,7
11,8
14,1
11,18
16,28
12,6
17,1
8,7
13,30
12,6
11,24
12,4
12,14
20,17
11,4
12,23
9,7
9,28
16,20
14,12
16,16
14,21
16,15
7,14
16,21
10,20
11,2
22,21
16,6
14,16
21,19
8,29
13,22
13,7
9,19
17,6
19,2
11,14
10,21
15,25
13,29
18,12
17,2
13,24
19,11
6,5
8,23
13,17
1,6
14,10
12,6
8,5
18,20
10,9
11,20
12,3
14,28
9,1
14,6
13,24
15,24
10,24
19,24
14,23
14,1
16,29
13,16
17,9
12,17
9,10
13,16
20,23
18,31
16,12
15,1
8,26
14,25
17,16
12,18
16,12
13,10
15,14
13,28
12,3
13,1
14,16
13,24
8,25
8,26
9,18
17,1
2,11
13,20
11,20
8,20
12,3
2,7
10,10
3,13
19,4
19,29
13,1
18,22
21,16
20,16
2,22
18,30
18,3
14,7
19,10
13,3
11,17
15,3
16,19
9,18
13,6
9,18
10,17
16,3
11,8
11,29
12,12
20,30
13,11
11,7
19,16
4,1
0,22
17,23
11,26
8,1
13,8
9,16
22,4
14,26
16,26
21,5
17,23
13,24
13,3
13,13
12,30
12,21
8,27
7,14
11,22
19,30
14,29
9,25
15,27
14,3
20,12
14,1
10,24
18,12
12,24
18,2
6,5
0,4
14,29
19,6
15,1
17,12
13,24
14,6
8,14
11,19
13,23
20,5
11,26
16,1
12,27
8,21
12,12
18,25
15,8
17,2
11,20
10,26
20,14
10,3
17,9
8,14
21,4
8,22
15,3
12,28
15,24
22,19
18,17
11,26
15,13
17,30
10,8
23,1
18,12
10,17
21,21
18,21
17,11
14,21
15,21
13,24
9,24
19,24
19,12
16,18
23,28
17,30
15,3
8,14
19,5
10,5
22,7
14,3
17,17
7,29
12,12
0,8
22,2
20,14
16,23
15,6
22,29
15,24
14,12
17,27
13,1
20,26
13,24
8,12
14,4
19,24
10,25
10,8
17,27
16,29
14,28
14,12
14,26
17,12
10,22
10,26
11,25
19,11
18,14
13,10
14,3
21,14
17,29
8,10
13,8
14,24
18,24
16,28
16,28
15,6
14,29
17,8
4,20
16,13
22,1
19,29
12,29
15,2
18,28
13,6
18,3
14,3
11,19
16,29
0,28
16,22
15,5
13,11
16,18
13,18
13,27
9,30
10,20
15,26
13,16
17,5
20,6
1,21
9,12
15,24
13,1
13,13
13,12
13,6
7,18
18,10
10,14
17,23
9,13
14,13
23,3
14,6
3,24
13,27
22,29
17,12
7,26
12,12
13,13
18,5
13,18
14,21
14,23
13,24
17,1
13,17
17,23
18,28
12,14
9,29
20,26
11,3
20,7
6,22
17,1
9,30
10,18
17,12
9,20
19,3
19,24
18,25
18,25
16,18
16,3
16,29
18,3
11,13
12,12
0,26
14,2
21,23
7,20
11,17
9,14
11,28
12,11
19,27
8,22
14,7
22,12
21,1
14,9
19,17
12,17
9,8
8,22
20,22
16,7
16,20
12,12
13,7
18,12
19,25
8,21
18,12
11,16
9,3
20,6
21,4
21,27
17,14
17,24
11,4
15,1
12,13
9,28
14,19
19,5
14,11
8,3
6,4
14,22
20,4
21,27
5,18
11,23
14,18
17,3
17,19
17,27
16,8
9,15
12,2
17,4
16,1
9,16
9,30
16,19
16,1
19,22
8,13
9,25
8,5
14,3
7,4
11,28
15,12
12,12
6,1
21,27
14,24
13,29
19,13
13,23
22,18
14,16
19,25
15,7
12,28
10,27
17,18
12,29
18,16
11,26
11,21
13,22
16,5
19,12
19,2
20,10
22,30
22,21
18,4
15,17
17,14
14,13
20,25
11,27
14,14
21,12
0,29
12,23
16,25
17,26
10,30
12,28
14,21
7,23
20,30
21,30
14,4
13,7
18,24
19,13
11,14
11,21
13,27
8,17
14,16
9,3
17,29
21,20
12,8
21,27
10,20
17,30
16,3
20,20
10,19
18,30
13,13
19,20
14,5
19,19
9,24
11,7
15,1
20,7
17,27
19,3
15,14
6,20
18,9
15,28
2,13
10,11
18,5
16,9
23,27
13,12
15,19
17,7
16,28
11,24
12,1
14,20
1,24
16,19
19,10
6,28
16,18
0,30
6,12
18,23
19,9
18,4
12,1
12,26
18,13
19,13
5,2
19,3
21,30
13,27
12,17
14,22
18,22
18,29
15,23
16,26
14,20
18,13
13,28
16,8
16,17
11,5
9,10
1,15
11,5
10,27
22,1
12,21
15,5
11,29
14,11
9,11
17,5
11,17
7,17
14,19
7,21
11,4
11,29
14,30
18,27
15,10
15,17
14,11
18,18
22,3
16,11
15,21
16,3
23,18
5,26
10,13
14,27
15,7
14,6
7,17
14,17
17,7
11,19
9,30
7,31
10,3
16,19
21,7
16,17
17,25
23,1
13,18
14,16
9,20
16,7
11,3
17,27
12,20
9,27
9,29
7,30
17,6
19,5
6,22
13,17
15,19
16,25
11,11
10,26
23,13
14,20
17,27
7,8
10,24
11,4
9,20
18,10
12,3
9,28
15,11
17,11
12,4
12,20
18,28
12,3
12,14
11,11
13,31
19,17
13,1
3,20
11,31
19,6
16,12
14,16
12,6
11,26
10,20
17,1
20,1
13,10
20,8
18,12
17,6
7,19
14,20
16,22
22,8
12,10
20,20
18,17
12,29
15,1
18,21
14,11
11,1
11,1
19,23
17,12
17,17
10,18
10,30
12,10
7,26
6,6
9,11
15,28
18,15
13,20
12,10
14,12
14,14
18,23
16,16
16,21
22,12
18,7
20,16
17,13
10,13
14,3
12,17
15,1
20,23
13,26
12,27
13,12
13,17
14,1
13,19
14,13
10,25
14,23
7,15
11,22
15,28
12,23
8,22
16,10
13,21
11,24
16,15
12,25
15,1
15,26
13,21
14,7
15,1
7,19
18,26
7,28
10,12
8,1
0,12
14,8
10,13
14,12
14,29
16,15
13,5
12,10
13,31
7,19
12,21
6,6
18,27
15,4
9,23
11,6
11,24
15,16
11,5
23,24
22,27
15,30
17,10
12,8
11,17
17,22
12,18
11,3
17,5
17,5
16,13
10,17
16,5
15,28
15,10
14,2
23,18
14,4
13,4
15,21
11,22
13,6
8,3
11,25
10,3
9,6
9,26
2,3
16,10
15,21
22,30
17,21
20,9
14,12
13,18
16,3
13,7
12,22
2,31
23,3
21,3
19,3
14,21
14,3
18,10
13,1
19,24
12,28
14,17
8,20
5,8
17,8
11,30
14,8
18,7
22,2
8,5
9,1
18,21
19,1
5,12
19,10
19,30
15,17
9,18
16,22
14,28
19,19
11,3
21,28
15,10
19,19
10,26
12,15
17,4
12,3
21,15
15,6
14,14
15,2
20,10
14,3
18,18
20,1
12,22
21,8
16,17
13,26
13,7
19,3
17,2
17,4
17,15
18,9
14,10
10,5
15,13
14,5
13,17
17,30
8,19
15,6
10,23
15,19
17,31
8,15
21,4
18,19
18,6
10,23
17,11
15,13
13,1
11,8
9,5
16,7
17,1
7,11
13,1
14,2
20,13
8,25
6,7
14,4
10,12
16,3
15,13
14,12
18,17
15,3
14,3
19,11
15,31
14,1
9,21
14,23
15,12
13,20
11,4
17,11
13,19
17,5
11,5
17,14
18,19
18,23
6,16
21,28
11,28
17,15
21,22
11,13
18,1
10,5
9,16
13,31
17,28
10,22
17,12
15,27
9,7
21,29
16,12
12,1
11,23
10,19
7,1
17,12
7,6
12,1
12,29
8,23
17,4
19,4
23,4
9,2
13,3
7,23
17,5
11,27
8,19
10,19
9,24
10,26
8,24
14,16
15,19
10,1
14,30
18,5
15,21
12,19
15,3
9,3
20,3
16,26
8,23
8,3
9,1
21,1
18,20
10,19
12,6
9,23
10,19
17,6
19,23
19,11
8,12
15,12
16,31
13,17
8,11
16,7
10,1
17,9
16,10
9,2
11,8
12,13
17,7
11,8
7,25
14,28
10,18
11,20
22,2
14,15
12,21
12,11
17,7
13,25
13,21
20,12
19,12
21,24
7,30
14,29
15,3
10,7
22,12
15,5
7,21
10,3
18,19
13,5
18,27
16,1
17,20
16,1
13,12
16,8
15,18
17,27
13,23
13,6
10,8
9,3
16,8
16,7
10,20
16,15
16,6
19,6
11,22
11,30
16,27
18,31
10,25
22,22
10,8
16,16
18,3
16,29
12,19
17,1
9,3
22,10
11,3
23,10
21,6
14,10
13,18
8,6
12,18
21,24
20,22
11,19
1,4
18,8
7,7
7,26
10,7
9,22
9,20
9,22
13,24
15,5
15,29
8,11
15,3
22,7
16,6
15,5
7,17
17,31
21,16
0,13
15,8
11,13
20,27
13,9
20,4
11,18
9,10
19,31
12,8
13,20
22,16
21,3
11,25
8,20
21,8
14,18
12,3
16,7
12,19
18,21
15,23
12,21
17,14
16,19
21,21
16,12
16,25
9,6
8,20
17,19
13,20
14,15
16,10
9,11
12,16
20,1
10,21
15,20
8,23
14,31
7,11
12,8
16,3
18,15
21,4
17,18
15,27
13,23
11,22
14,15
16,2
16,1
12,22
14,4
12,12
10,17
10,15
12,25
13,3
12,29
7,8
13,29
18,17
22,1
13,11
18,18
16,15
9,19
13,17
9,31
19,21
13,1
15,22
11,26
8,3
18,4
10,23
13,16
17,16
9,9
8,7
14,1
16,22
9,19
11,18
19,3
22,29
15,30
16,5
4,19
9,6
14,23
13,24
11,28
14,18
7,26
11,30
14,19
14,16
13,14
16,3
22,20
17,1
13,12
13,12
8,14
9,29
8,8
15,16
12,14
6,15
8,21
13,11
9,30
18,23
21,28
9,25
11,2
11,27
14,16
11,14
9,16
14,21
21,17
17,18
21,3
6,21
18,14
14,1
18,30
21,18
18,13
17,22
14,8
20,22
16,12
9,29
12,29
16,8
8,30
11,19
0,21
7,16
13,24
9,17
10,21
17,4
9,5
17,26
16,17
22,3
21,21
18,4
11,7
21,3
13,14
17,13
18,1
16,7
9,28
13,16
11,2
9,13
17,7
15,3
12,31
18,12
22,11
9,19
19,29
16,21
15,11
13,11
11,21
12,23
14,23
13,1
16,2
14,17
13,5
15,14
11,28
16,10
18,9
8,5
14,20
19,25
10,23
14,28
13,1
7,22
17,13
17,4
12,4
10,12
14,24
15,4
11,4
19,23
7,5
10,1
16,22
10,11
15,5
17,14
15,4
7,21
16,28
14,19
22,18
8,24
15,30
8,25
10,29
15,24
13,7
14,30
12,9
16,30
18,6
23,18
13,11
9,23
16,15
21,4
15,20
11,4
16,28
15,13
9,21
21,1
9,16
14,16
10,17
16,16
7,21
21,24
8,30
14,28
10,16
16,21
14,9
18,5
8,1
22,17
12,18
10,9
11,6
16,13
21,4
17,6
12,25
15,6
13,17
9,23
15,2
8,17
11,1
16,11
15,5
15,18
11,10
20,12
13,29
17,3
16,25
15,20
9,3
18,5
17,19
12,18
9,6
8,2
14,8
14,10
16,6
16,18
18,24
14,28
9,4
12,27
18,2
20,6
21,4
15,20
15,1
8,9
18,28
19,11
18,23
19,15
0,16
13,23
18,8
15,19
15,21
11,22
0,16
13,2
12,27
20,8
11,17
19,27
15,20
9,24
18,7
10,19
9,28
7,24
20,13
10,5
17,1
12,28
13,10
21,23
15,19
13,1
13,3
9,8
22,8
3,17
9,4
10,3
12,22
14,27
16,3
13,30
20,25
19,9
15,26
16,8
15,22
7,14
16,7
17,17
10,12
16,17
13,25
21,25
10,4
18,17
13,26
11,10
15,20
11,3
13,13
12,6
8,20
14,14
9,8
4,3
0,27
12,16
14,25
16,10
12,7
10,31
8,25
12,15
10,22
11,29
17,6
16,1
7,15
12,14
20,1
11,3
13,1
19,17
22,4
9,27
17,24
22,10
17,12
13,18
21,28
13,4
11,6
19,1
15,12
21,20
0,3
16,22
16,7
19,21
11,13
19,12
8,5
18,14
14,10
15,4
18,3
9,27
11,7
11,3
19,11
15,22
8,8
19,1
11,7
16,3
14,5
16,13
14,30
15,6
20,20
21,13
17,26
17,14
12,11
13,14
19,19
10,25
18,9
19,17
17,3
7,18
16,18
16,17
23,21
17,28
12,21
13,22
8,24
11,2
15,29
12,16
12,11
16,23
9,20
12,5
8,30
9,6
8,26
21,26
0,4
15,16
22,2
15,28
15,5
16,8
7,18
14,22
18,12
13,30
2,30
6,25
15,13
17,13
14,9
12,25
20,3
16,11
13,13
14,5
13,22
9,23
19,26
15,5
14,10
13,9
10,15
13,23
20,19
18,8
14,10
16,28
10,20
8,2
20,11
11,3
20,25
13,31
21,5
6,26
15,23
16,18
14,1
11,8
14,10
3,2
16,4
11,8
12,16
13,1
12,13
19,10
17,30
18,27
18,26
8,29
11,18
13,24
15,3
10,12
17,25
10,7
23,23
8,29
8,18
16,5
20,23
8,16
9,3
15,10
22,23
14,4
13,24
11,6
7,22
14,12
17,17
13,31
17,1
21,13
15,13
15,26
20,26
17,19
9,19
14,2
12,7
10,24
10,11
17,5
17,10
11,25
21,4
14,3
17,21
13,6
14,3
12,16
17,26
19,13
17,27
21,3
15,13
8,22
15,7
8,9
12,18
17,3
9,2
13,22
14,28
22,21
16,25
14,11
16,26
17,21
15,19
8,16
15,25
12,23
8,2
8,22
16,7
10,5
10,11
7,10
14,28
20,20
14,6
14,11
13,21
15,10
9,9
15,12
9,8
18,4
18,23
13,11
11,27
15,3
10,25
5,1
14,17
17,8
23,3
12,10
17,21
11,14
15,22
13,26
19,16
14,14
12,14
18,3
10,28
19,4
9,26
7,28
13,3
15,17
12,10
12,28
21,30
15,3
10,2
12,26
20,26
15,1
7,1
11,28
22,24
12,11
9,3
13,14
22,19
19,27
12,4
17,20
6,27
17,1
20,3
14,8
10,15
12,17
19,13
15,30
14,5
11,21
21,17
17,16
14,20
11,18
12,3
15,21
18,18
17,23
18,15
13,6
18,24
10,24
11,10
9,8
9,17
10,5
14,3
18,6
15,24
15,24
16,21
15,17
13,3
17,21
11,11
13,7
14,6
14,11
16,21
17,19
10,16
12,3
12,16
18,9
17,20
0,2
15,24
15,20
16,26
23,24
22,3
22,31
18,29
12,3
7,13
12,21
8,13
21,21
21,4
15,3
10,1
13,28
18,10
18,8
14,13
18,23
13,18
12,29
13,26
13,24
17,18
12,23
19,20
9,28
6,12
8,12
9,18
21,5
8,2
19,1
15,23
16,19
14,29
7,11
18,18
12,6
10,8
11,27
14,27
15,9
10,13
11,30
17,3
20,17
16,16
16,5
19,12
23,23
9,5
19,3
17,24
10,25
9,6
9,5
12,11
15,10
15,25
18,19
10,20
7,1
9,17
9,18
18,1
15,26
15,19
11,21
8,17
22,20
14,31
9,6
16,25
15,23
10,7
13,12
14,16
9,29
17,25
14,7
8,25
16,25
9,4
12,1
16,19
16,26
16,17
9,28
11,26
8,25
12,26
14,8
18,23
13,20
21,7
15,18
17,27
16,20
14,4
16,6
17,23
17,11
14,20
9,31
16,17
9,28
21,31
15,9
19,2
11,18
22,8
7,1
23,19
14,12
9,15
14,24
15,16
18,19
17,19
14,12
10,11
16,20
16,20
12,19
20,26
11,25
10,12
9,6
8,29
20,20
11,20
12,8
12,10
10,4
2,20
9,10
22,10
16,28
16,28
20,1
18,31
9,1
20,22
18,14
18,10
18,19
18,27
13,14
21,27
9,24
16,9
13,15
13,13
18,24
23,12
13,3
13,17
14,28
20,30
15,23
18,29
10,11
19,12
15,31
18,27
17,12
9,27
14,8
20,11
18,29
7,10
11,1
14,26
11,30
17,18
16,7
11,1
13,1
22,5
8,17
13,5
10,3
18,12
10,13
18,10
14,13
21,10
12,29
16,4
22,14
12,18
23,6
15,19
14,6
7,5
15,19
12,29
7,7
12,12
10,13
17,1
9,23
19,21
10,7
12,31
22,24
23,7
15,3
14,27
11,7
14,13
13,6
14,6
22,27
7,7
11,29
16,2
17,19
19,24
18,13
18,8
11,8
8,20
20,18
22,3
18,25
12,27
15,24
17,8
21,8
8,4
15,29
10,16
15,29
20,1
13,26
17,24
18,3
8,5
9,1
19,1
12,29
8,6
7,28
18,15
21,1
18,28
6,24
10,1
22,1
12,16
10,11
14,21
7,3
8,18
19,10
10,29
14,14
12,23
21,8
19,10
11,17
16,1
7,3
17,19
20,12
18,3
15,17
5,17
12,1
8,3
10,16
11,20
16,24
13,7
18,31
12,6
21,20
11,22
16,10
13,27
13,8
16,18
15,23
18,12
15,7
13,1
13,25
16,1
6,23
21,24
17,23
17,14
18,14
9,24
10,12
19,3
22,2
11,3
8,13
8,20
12,27
16,3
18,23
15,10
16,26
12,3
14,4
10,15
9,2
12,12
14,11
8,20
17,3
17,17
15,12
16,16
9,3
13,17
12,12
17,3
18,21
12,14
16,13
11,17
11,2
9,13
9,28
14,30
20,10
11,6
9,16
10,7
17,18
13,4
15,8
13,6
15,26
9,3
21,1
13,14
18,18
8,23
17,24
10,7
13,8
13,1
16,24
19,3
21,10
10,1
14,12
19,26
14,22
11,27
20,12
8,7
15,18
20,28
21,12
13,13
9,17
21,3
18,12
19,26
8,25
17,11
9,17
15,27
16,22
15,19
21,4
18,12
17,10
10,3
21,3
19,22
12,3
9,12
15,24
13,24
21,15
14,17
12,10
20,26
14,7
9,6
13,27
13,5
16,10
11,16
15,23
11,21
11,13
17,3
16,7
18,10
16,6
9,3
15,12
6,28
15,22
11,28
10,21
18,14
16,11
20,8
20,3
16,22
17,17
17,27
14,18
20,20
12,11
23,23
12,6
23,1
9,1
14,11
18,8
12,29
12,18
13,2
8,5
9,17
11,24
7,8
13,13
16,23
13,28
17,31
9,29
18,3
16,27
9,22
16,10
10,14
18,26
15,10
17,17
15,22
15,25
7,13
10,30
15,19
22,13
11,18
11,23
8,3
17,30
13,25
17,27
9,9
15,24
8,13
13,25
9,3
17,27
16,23
17,3
12,23
17,29
4,24
11,29
16,27
12,28
13,7
17,31
11,6
21,19
16,9
9,22
20,1
16,15
15,18
16,20
10,18
18,25
14,13
17,3
13,27
14,21
9,16
0,8
8,18
15,4
15,3
13,10
14,12
12,26
15,10
10,4
10,3
17,16
10,30
9,19
10,19
17,28
15,3
15,10
22,6
13,23
22,18
17,22
13,1
4,28
14,27
10,23
10,13
12,14
15,3
9,3
7,20
16,23
18,15
11,21
10,2
15,4
16,1
22,6
12,18
18,27
19,23
16,13
14,4
16,10
13,16
2,12
13,23
12,26
18,5
13,28
18,17
17,31
13,13
9,4
20,12
19,10
14,9
16,27
18,31
14,10
7,19
11,23
14,7
8,20
13,5
15,6
19,24
17,17
19,2
20,7
16,23
10,28
13,7
8,4
16,5
18,27
17,20
15,27
9,25
9,3
11,20
10,3
13,3
22,16
20,30
9,4
21,24
22,26
14,5
21,21
18,14
12,5
17,19
14,19
16,9
12,27
7,5
13,6
20,8
17,28
13,25
21,24
15,6
8,8
16,9
7,10
10,20
14,10
10,12
17,20
7,8
8,11
21,6
10,6
17,2
16,10
14,1
14,24
16,3
11,6
12,6
20,30
15,2
15,8
16,14
13,20
15,17
11,6
18,8
14,12
10,3
10,16
19,9
13,12
9,6
11,23
11,16
14,25
13,15
15,4
16,29
9,6
14,18
22,13
17,19
15,19
2,23
11,21
16,1
18,11
13,10
16,1
11,29
15,8
15,11
16,11
18,3
18,18
18,2
21,16
0,8
14,14
17,24
14,14
0,8
9,17
12,26
14,22
20,11
13,31
13,21
10,22
15,4
19,12
14,19
13,27
11,17
9,3
14,6
13,12
11,17
15,3
7,19
8,21
16,23
14,14
20,29
12,11
21,1
14,17
16,6
7,13
12,11
13,13
9,21
14,14
11,3
9,31
12,25
20,26
9,17
21,3
14,6
17,17
12,1
14,25
15,7
19,2
7,19
11,21
9,1
14,2
15,23
21,12
16,20
8,30
16,11
15,20
14,1
13,1
15,18
11,7
21,14
9,16
11,30
14,17
23,4
15,10
15,19
8,20
20,21
10,13
10,25
15,3
22,30
12,28
13,18
14,19
22,19
13,1
18,25
16,13
9,10
14,3
15,3
13,16
19,1
17,26
12,17
8,23
14,28
18,27
13,7
12,17
13,27
19,8
10,7
17,30
12,30
8,8
11,14
17,20
10,5
18,4
11,4
10,5
16,12
15,19
7,24
14,3
17,23
11,5
20,8
14,10
15,26
9,16
16,11
14,30
16,16
12,28
13,5
11,30
11,6
0,4
19,17
14,3
19,4
10,24
11,15
12,16
9,4
22,16
23,27
21,19
15,17
10,5
11,20
11,3
22,27
9,1
15,5
18,20
22,5
16,26
10,3
15,27
14,26
12,22
12,18
19,11
15,16
9,19
16,21
9,16
12,6
15,7
17,23
10,19
15,13
9,20
15,24
9,8
11,3
12,16
12,20
19,9
19,17
9,21
8,25
9,17
14,5
11,19
15,24
22,5
9,21
12,16
15,19
12,20
12,10
7,27
12,1
21,15
17,20
6,11
15,17
7,15
16,19
16,26
23,29
21,27
14,7
14,1
12,25
17,19
10,26
14,27
14,11
12,19
16,12
17,27
18,27
20,6
8,22
18,13
18,17
13,6
19,14
8,9
11,3
9,12
13,12
18,18
18,30
8,20
13,23
18,24
9,27
23,12
14,17
7,26
14,5
15,3
0,15
1,7
8,16
14,27
11,28
11,10
22,14
10,16
13,1
15,17
18,21
10,18
22,5
13,21
8,3
14,23
9,3
13,27
18,28
14,14
8,3
13,21
9,23
11,11
19,30
10,13
9,13
13,27
6,11
15,2
8,12
6,25
11,5
15,20
17,15
11,1
15,6
18,9
11,6
16,22
13,4
13,27
9,13
16,27
14,5
13,25
11,17
13,28
15,24
18,19
19,3
10,30
17,7
11,7
21,23
14,28
19,22
16,1
16,16
14,22
22,2
16,14
16,4
17,16
8,17
17,25
15,20
9,1
8,17
10,14
0,3
14,24
14,11
11,1
20,31
11,7
12,3
17,2
10,25
10,31
16,4
12,1
16,11
11,4
23,25
14,7
19,8
8,22
14,16
9,18
5,15
17,31
18,19
17,16
0,3
21,18
14,21
18,23
21,24
9,31
10,28
14,11
13,24
20,3
16,24
17,3
19,26
7,26
10,18
9,16
14,3
18,31
12,7
5,3
14,20
22,18
12,23
10,6
13,11
13,6
9,12
19,22
16,3
16,20
8,1
8,15
11,14
8,8
23,30
7,2
17,2
12,27
0,25
12,1
12,10
20,14
10,11
14,27
15,22
18,27
12,19
12,25
17,13
15,26
12,11
22,1
15,1
11,14
22,7
18,16
21,21
14,8
12,31
18,24
20,14
20,20
12,9
16,17
13,25
17,25
15,11
17,1
8,8
15,19
15,11
18,21
16,18
13,25
12,6
9,6
9,11
10,26
8,13
13,12
18,15
12,18
12,1
10,21
11,13
16,13
17,10
18,9
21,10
16,21
9,17
12,27
16,17
18,2
14,16
11,4
17,26
22,22
12,25
10,21
8,25
10,3
8,25
17,16
20,24
16,25
10,1
12,25
17,16
8,20
13,6
18,26
0,8
10,26
14,7
21,30
1,26
8,7
10,5
10,3
16,16
17,6
16,3
10,23
21,19
14,26
8,19
16,22
12,28
22,18
8,11
19,28
16,27
7,11
9,10
16,24
11,23
9,19
17,6
14,1
15,14
9,28
8,1
13,4
14,25
14,24
11,27
10,27
7,28
17,5
17,9
8,10
16,14
18,1
16,24
8,8
14,9
20,15
15,2
13,28
9,28
9,20
12,5
18,3
18,13
8,24
11,24
14,16
10,23
15,27
14,6
14,3
7,2
13,1
13,16
9,31
13,18
10,13
11,16
21,23
13,18
15,1
12,27
11,22
20,16
11,17
15,30
10,8
16,7
12,21
20,21
17,16
7,25
0,20
17,22
14,24
20,21
10,8
9,23
16,5
8,27
11,29
15,21
16,18
14,30
23,6
17,12
18,15
17,20
9,2
18,10
18,13
12,6
14,3
10,4
13,1
14,21
15,3
15,1
13,25
8,11
13,25
12,31
10,10
8,13
12,5
8,1
12,1
20,25
13,16
8,30
9,17
14,6
14,10
18,3
8,14
13,13
14,29
20,6
8,6
15,22
19,19
8,27
14,3
14,25
10,30
13,20
16,10
11,12
18,1
14,26
13,23
7,29
16,17
17,17
8,18
12,18
22,10
12,6
14,27
16,5
21,1
10,19
11,23
17,9
13,7
9,21
21,21
20,27
22,4
11,1
11,10
15,18
13,17
17,27
19,11
17,1
16,13
16,2
14,18
14,25
16,27
22,27
16,11
20,1
15,6
14,20
12,17
11,18
15,7
17,16
10,17
13,27
17,27
16,13
13,12
18,9
22,22
10,17
10,16
11,29
19,20
17,13
14,27
13,17
8,24
12,16
9,1
18,31
16,14
11,14
15,16
18,19
17,6
17,29
11,29
21,17
11,13
12,6
17,27
19,17
11,15
18,8
15,25
11,28
13,23
14,18
12,5
18,28
18,27
18,1
9,17
15,1
13,25
15,15
15,16
15,21
12,17
16,12
10,6
16,26
20,22
9,3
9,10
15,21
17,24
8,21
14,8
15,5
14,12
11,20
12,25
10,3
8,28
14,23
21,21
12,7
15,9
20,3
9,26
8,16
18,10
10,13
13,1
16,8
8,3
15,19
12,5
14,17
14,22
18,10
14,20
9,10
15,16
1,13
19,10
13,13
13,7
16,3
17,31
19,20
14,23
13,15
14,4
12,3
13,10
11,20
21,3
10,19
21,23
22,10
22,17
10,6
18,25
8,20
12,13
6,1
15,24
15,5
17,3
10,14
7,24
15,3
15,19
18,30
15,17
10,12
13,25
9,8
1,11
9,3
22,3
9,8
9,14
6,5
12,7
20,10
18,24
13,30
17,10
17,31
22,15
18,4
8,21
12,3
11,8
10,17
23,30
13,3
17,16
11,30
12,1
17,3
11,8
8,18
19,12
16,22
9,6
8,8
11,28
18,29
15,14
15,8
13,19
12,20
12,3
9,7
16,18
1,25
5,23
14,8
19,29
16,24
16,12
15,17
10,24
9,24
8,3
5,16
1,26
13,31
11,14
15,5
16,20
10,22
22,4
16,12
12,5
19,12
16,2
4,19
19,6
16,19
8,29
19,27
17,24
19,19
6,29
17,16
14,18
16,5
15,3
9,18
9,6
13,4
7,13
9,10
15,5
14,26
17,30
8,14
12,22
14,9
16,13
10,27
15,13
15,5
1,21
6,7
17,21
22,27
20,20
18,10
13,24
12,9
15,25
13,5
7,23
8,25
16,12
19,23
16,19
10,22
14,12
10,8
18,6
16,18
14,15
14,10
11,20
9,5
11,19
13,13
12,19
17,12
22,7
18,16
18,4
16,12
13,5
11,24
15,8
10,13
10,12
10,25
11,5
10,14
18,1
17,17
13,23
13,29
16,5
13,10
15,25
17,13
6,28
16,16
17,17
11,10
13,13
10,18
15,1
22,26
19,26
15,17
11,20
15,12
11,21
11,20
13,7
9,16
16,16
8,25
9,28
8,26
18,14
10,13
16,3
15,19
10,6
14,13
18,1
11,23
13,24
13,31
16,25
15,17
8,10
16,5
8,8
11,28
14,21
10,7
16,25
14,3
16,17
9,21
9,31
13,27
13,5
12,3
12,25
17,5
17,6
12,28
12,24
17,23
23,26
14,16
17,10
16,27
5,27
10,23
16,10
16,6
21,10
7,25
11,9
13,21
12,16
18,24
8,30
19,11
18,14
12,13
13,6
18,18
11,4
8,1
18,25
9,5
10,14
20,22
0,3
16,21
12,28
9,31
14,23
8,27
6,6
12,18
14,25
12,12
13,13
15,3
15,1
15,5
21,16
20,18
14,5
12,29
19,19
14,21
17,23
8,16
17,6
18,13
21,10
12,26
16,30
19,6
10,30
8,21
14,6
13,16
14,4
11,17
19,3
11,5
7,13
17,20
9,30
8,7
9,14
16,21
13,3
23,27
17,26
4,3
22,29
16,22
13,9
23,16
6,25
13,5
14,5
22,25
11,3
17,9
21,28
20,19
18,30
13,1
18,24
10,1
23,4
13,10
20,3
12,10
17,7
8,19
10,27
13,26
21,1
0,17
8,24
14,8
7,16
11,21
12,6
14,21
8,20
9,31
9,23
11,27
18,7
19,10
14,7
17,1
11,1
6,12
19,28
12,14
12,25
22,14
10,4
12,4
16,27
14,5
13,3
14,20
15,11
18,1
11,3
21,26
19,9
14,23
9,5
14,13
19,4
14,27
23,7
10,14
15,28
9,30
8,22
9,30
18,13
21,3
14,1
13,19
23,4
11,18
17,22
13,24
15,1
10,30
16,31
10,14
14,3
10,14
10,20
17,14
8,16
11,31
15,18
16,6
13,5
10,13
10,10
11,11
11,3
20,16
17,24
18,4
12,8
8,27
20,13
12,4
10,28
14,26
11,3
10,17
20,4
14,24
20,10
13,22
12,13
18,26
20,1
9,10
10,18
22,23
14,18
17,1
7,17
9,17
15,25
18,2
15,27
13,27
16,2
12,7
17,20
11,4
15,14
9,3
9,28
11,26
10,8
9,5
17,5
10,25
15,14
18,3
15,11
22,23
22,24
20,30
1,3
13,24
18,16
11,10
9,8
9,14
12,1
13,17
17,21
13,11
16,7
8,21
9,27
23,27
19,16
12,10
22,7
13,6
7,14
14,24
7,11
16,23
19,24
11,24
19,19
17,9
18,2
14,22
16,20
18,10
17,9
15,10
14,21
18,19
18,20
17,16
9,3
15,1
8,3
12,30
16,24
12,19
14,26
10,10
19,14
18,20
8,28
12,10
10,23
13,24
17,7
16,24
15,2
11,10
22,17
22,5
11,3
10,24
7,27
10,12
13,17
21,3
11,5
13,4
19,12
19,13
13,24
11,19
21,15
16,22
20,14
19,26
15,25
7,23
7,15
13,19
0,14
12,6
22,12
17,5
8,22
20,14
14,18
10,23
10,13
14,10
14,3
17,7
11,13
23,16
13,22
3,22
17,26
8,14
17,10
12,25
16,23
16,3
15,14
10,27
12,18
13,12
17,10
13,1
11,10
12,6
10,12
20,29
18,30
15,7
16,25
16,26
21,6
22,11
14,9
14,1
10,13
9,22
16,19
13,24
12,21
21,12
15,3
10,3
19,25
13,12
17,1
12,6
12,12
8,24
14,20
18,24
17,28
10,14
9,18
13,6
11,18
10,31
9,3
17,6
10,13
22,15
19,19
11,27
12,4
13,11
15,20
16,13
12,3
15,19
14,6
9,3
9,21
11,21
7,18
18,12
11,18
15,10
18,28
13,25
8,20
9,19
17,3
16,27
8,12
21,7
6,21
8,10
13,27
10,24
15,21
7,3
10,30
8,27
10,29
12,26
10,2
7,19
11,27
11,22
16,14
14,1
11,25
14,29
22,23
8,16
14,18
18,16
12,29
20,6
11,23
11,28
9,1
18,30
13,20
17,24
20,23
0,13
15,4
10,24
9,22
16,7
16,25
20,19
14,25
17,17
17,1
10,5
18,6
12,14
10,17
12,14
9,30
19,24
20,9
8,19
15,1
19,1
16,7
18,26
15,19
10,11
20,17
19,8
0,17
11,4
11,27
18,24
16,22
15,3
15,5
14,3
15,1
15,30
16,28
18,29
7,8
13,22
10,25
19,16
8,5
7,22
19,3
12,27
18,12
12,27
17,20
13,29
10,3
16,8
9,29
17,21
16,26
9,16
13,17
14,14
16,23
9,22
10,15
14,18
12,27
18,27
18,27
11,16
10,26
12,18
17,11
15,6
22,17
13,7
21,19
20,22
16,23
13,12
17,10
10,17
9,19
10,19
17,23
14,6
10,1
12,14
8,12
15,10
20,3
15,24
13,11
4,13
16,3
20,27
19,16
11,21
18,21
9,1
12,8
21,17
15,1
13,13
19,2
12,23
9,11
18,17
12,20
16,2
19,14
11,31
16,3
14,1
13,19
14,8
21,29
21,11
14,19
14,13
17,16
7,26
11,20
13,26
13,22
17,14
6,7
11,16
14,18
15,19
10,13
23,19
23,30
19,6
9,26
18,26
19,21
14,8
10,5
16,11
17,16
14,20
15,26
17,25
14,28
20,3
17,2
16,24
18,20
8,1
18,20
7,5
19,13
12,12
16,25
11,24
17,30
16,14
21,24
16,6
17,26
16,27
10,15
15,29
12,13
12,30
17,22
9,7
20,23
14,25
8,25
0,7
16,15
19,22
10,7
16,15
8,4
16,19
13,4
17,19
11,14
10,21
7,13
17,26
17,11
20,29
9,26
16,12
14,20
13,23
22,18
17,21
17,20
11,21
10,9
13,10
11,16
14,8
10,3
22,12
21,23
10,12
10,3
11,2
18,10
17,13
9,5
17,30
18,21
13,29
12,4
16,21
6,17
20,17
20,16
12,5
7,31
16,6
14,27
15,25
12,2
6,22
17,16
10,1
16,17
16,4
9,10
22,19
9,19
12,1
11,5
8,16
6,7
18,19
12,28
10,22
19,26
13,25
10,1
18,26
14,3
15,17
13,27
13,7
11,30
12,10
11,24
15,18
17,21
7,6
14,13
10,13
13,30
16,10
17,22
16,9
16,21
17,20
11,10
16,23
13,3
13,1
12,26
22,31
19,10
10,13
21,29
20,20
9,27
17,13
10,11
13,22
13,3
21,11
12,21
15,28
17,14
21,19
13,20
17,29
12,10
11,28
16,29
11,1
13,29
13,5
9,30
20,4
16,12
16,9
11,1
16,19
10,5
11,3
20,4
18,17
17,17
7,16
16,3
8,12
8,14
9,10
20,18
9,9
16,13
12,12
12,1
16,1
16,11
18,6
12,27
10,8
18,1
0,11
9,19
15,7
13,8
20,3
10,7
10,21
12,23
21,21
18,3
9,5
8,12
14,10
7,15
13,1
12,28
10,1
8,14
6,23
16,11
16,23
20,18
9,22
15,22
19,21
12,21
17,1
7,17
15,28
9,19
14,18
6,15
21,28
8,5
22,23
18,1
13,18
8,11
20,6
15,3
8,21
8,10
16,7
15,17
17,17
15,7
11,12
14,21
14,22
12,6
17,28
17,4
13,5
8,3
16,5
12,13
16,6
10,20
16,24
21,7
15,13
17,3
14,1
21,29
16,21
18,18
15,8
10,11
14,8
10,30
13,19
7,3
19,29
16,12
16,18
17,13
12,20
17,16
18,21
12,28
16,22
16,4
15,26
17,26
15,12
14,21
13,4
18,25
18,11
17,25
17,29
16,6
15,27
14,23
18,8
14,14
16,14
9,19
10,22
14,6
13,23
8,29
7,21
10,28
11,1
22,25
15,16
17,14
16,6
18,30
12,1
23,29
11,13
8,28
13,4
19,8
17,26
15,18
15,3
21,3
13,16
11,14
14,12
11,18
12,23
16,26
19,12
12,13
9,22
21,17
14,21
8,25
9,6
9,22
18,24
12,10
15,3
8,8
19,22
9,19
10,7
9,6
16,25
17,13
6,18
14,9
13,17
0,23
9,30
15,30
18,5
8,24
15,30
16,3
7,14
14,21
23,3
13,4
16,3
13,18
22,16
12,14
14,4
12,8
8,28
17,18
8,10
15,1
9,13
9,1
13,22
15,20
18,6
9,18
8,19
21,25
11,14
12,25
22,6
18,12
8,24
16,24
21,9
15,21
20,18
10,13
13,5
10,4
11,21
15,10
17,28
18,31
13,14
9,28
21,19
22,6
12,12
18,8
20,12
18,3
16,17
15,10
11,5
18,20
16,25
16,1
0,14
8,20
16,28
16,27
21,29
13,26
8,31
11,20
22,14
14,22
17,12
0,17
16,14
17,7
8,22
6,12
14,2
17,6
13,19
18,18
11,9
16,6
15,6
15,16
15,24
13,27
19,21
10,17
17,13
10,12
18,20
15,24
14,14
7,20
6,17
16,24
13,14
20,17
16,1
15,8
9,10
10,23
13,10
18,16
17,28
13,11
10,6
9,12
20,9
11,29
19,20
10,25
16,12
18,30
12,18
14,17
10,26
17,12
10,3
19,10
16,8
18,29
18,2
8,24
16,2
8,14
10,22
20,15
15,12
22,23
11,4
15,17
16,8
19,19
22,22
18,23
10,21
19,3
15,1
15,1
8,14
8,22
20,13
14,23
14,10
23,7
17,28
18,11
17,20
14,14
10,31
14,10
8,12
15,16
10,3
21,18
11,19
17,31
17,23
17,3
13,27
11,6
17,15
22,26
14,18
15,13
11,3
8,8
16,27
17,20
13,29
21,9
10,24
9,31
17,6
8,22
19,21
15,5
15,17
19,4
8,16
18,2
12,27
18,12
19,17
9,9
15,5
11,5
9,3
17,10
10,28
19,6
7,5
13,6
17,25
8,8
16,10
11,20
13,26
8,29
12,14
14,5
11,26
13,3
17,10
8,11
12,1
14,12
20,5
12,4
17,3
14,7
16,26
11,5
20,7
10,3
15,1
12,10
16,7
16,11
13,30
9,28
17,9
15,3
8,3
10,3
20,28
0,7
20,6
15,3
19,29
18,8
17,17
10,8
8,8
16,3
22,15
14,26
17,17
14,6
14,26
12,3
9,19
22,15
14,14
16,18
16,6
11,21
8,19
13,27
19,21
15,12
8,7
13,14
21,14
9,4
18,15
9,13
14,27
17,19
13,24
9,21
11,20
16,6
21,16
9,10
3,30
14,29
11,11
11,26
16,18
13,17
15,7
17,24
20,24
10,4
10,3
7,13
17,3
13,23
9,3
13,28
18,20
12,21
18,6
14,11
10,8
17,16
0,3
15,28
13,16
17,25
15,10
8,27
9,1
14,5
11,6
13,24
15,2
13,14
13,20
14,6
14,21
11,13
9,27
18,11
15,22
12,29
10,30
12,24
13,1
16,23
11,5
22,1
17,10
21,6
16,4
17,6
20,27
12,14
6,24
15,12
12,19
12,4
15,13
20,3
15,31
19,4
15,3
11,8
17,25
13,5
9,3
14,6
19,4
7,11
18,25
22,1
13,25
14,6
8,22
12,6
17,16
17,6
21,28
20,13
12,4
8,25
9,19
1,26
16,23
17,2
13,27
7,22
16,19
14,19
12,14
18,12
16,17
17,13
19,5
13,10
14,3
12,12
16,27
17,18
12,25
13,23
21,3
12,9
15,27
17,14
20,22
18,29
8,21
17,31
15,13
12,20
21,13
14,18
14,18
1,4
9,7
11,4
7,11
11,4
12,14
17,13
11,7
15,19
11,10
8,6
13,12
13,31
17,7
12,28
11,17
21,17
14,15
15,24
16,24
18,14
7,24
16,24
9,6
9,30
19,13
19,10
0,30
12,26
3,17
11,6
10,10
8,24
14,12
21,18
11,3
17,19
13,13
15,18
19,16
13,27
13,29
18,31
14,3
19,6
12,23
16,7
18,23
15,29
14,29
18,6
12,12
8,10
16,18
18,12
8,26
13,3
18,6
12,18
17,21
10,13
10,22
14,14
23,21
17,3
18,18
10,29
12,9
19,26
16,13
14,26
9,4
11,5
18,21
16,8
17,11
22,13
18,23
10,10
18,1
18,31
18,2
12,7
10,25
15,10
16,11
8,20
9,24
16,26
16,1
12,28
19,16
12,3
12,24
8,22
14,29
16,4
18,8
14,18
14,17
13,28
15,10
1,24
17,20
11,15
20,23
3,4
13,12
16,16
18,2
12,18
11,24
12,17
20,23
13,27
1,23
16,19
8,18
7,20
15,28
14,11
16,5
8,22
9,5
10,27
17,9
17,25
15,1
10,21
16,7
0,27
16,19
22,23
14,11
15,19
20,13
17,4
14,28
15,23
18,8
4,19
17,28
7,12
11,25
16,7
10,10
16,10
20,26
7,1
19,11
12,31
11,12
18,15
12,18
16,3
11,1
14,9
9,17
21,9
15,6
15,26
17,4
19,7
18,6
18,22
17,27
8,26
14,3
8,19
9,23
13,1
6,5
14,11
13,22
16,21
12,3
12,31
22,21
13,1
0,18
19,26
16,23
13,21
9,15
11,25
9,21
9,11
17,20
23,10
16,10
9,24
7,11
14,24
21,1
8,25
9,6
9,12
12,13
12,8
9,12
13,1
17,20
16,15
15,7
9,1
9,29
18,19
6,1
8,6
19,10
15,5
21,5
14,13
16,2
17,23
8,25
9,4
7,7
11,5
16,25
12,30
18,2
12,31
16,17
14,15
13,14
16,5
10,12
9,21
14,13
9,22
20,1
8,11
16,18
13,9
16,21
10,17
14,11
19,17
18,21
10,6
9,17
17,24
14,5
12,4
8,3
18,7
9,10
19,11
10,14
13,1
14,7
13,19
6,20
12,19
12,14
7,24
8,14
13,11
9,17
14,4
11,3
8,30
10,26
7,18
10,20
11,27
10,3
15,9
9,28
12,23
10,20
17,28
21,22
14,27
17,18
9,8
21,9
15,7
9,1
10,6
12,3
16,12
11,31
17,15
23,31
7,27
15,6
10,1
9,10
21,21
13,18
18,7
13,15
13,20
13,25
15,17
22,19
15,6
18,9
15,25
21,1
14,19
8,26
21,24
16,3
12,5
16,10
9,27
12,15
14,14
10,5
12,10
12,17
17,21
8,24
15,10
12,16
21,29
9,29
9,14
12,22
16,25
13,5
18,21
13,1
18,1
16,12
14,6
13,31
15,14
8,8
12,23
7,1
16,12
22,17
14,26
9,1
8,3
8,24
9,8
16,23
16,17
16,28
16,9
17,6
18,20
22,31
10,14
12,15
10,5
17,14
9,3
14,26
13,3
9,18
7,7
12,20
11,4
16,21
9,16
14,27
16,8
9,23
14,22
16,18
11,16
13,19
11,19
16,18
19,26
11,31
15,5
23,29
9,27
16,7
16,29
17,3
17,15
10,3
16,10
15,21
12,28
5,1
7,18
22,24
20,1
18,22
8,19
21,17
18,13
11,15
13,25
13,30
15,2
8,11
13,30
16,16
5,4
19,8
15,22
16,27
18,19
10,13
12,25
20,7
12,9
13,12
14,27
22,27
17,13
8,1
8,21
20,21
17,25
17,5
13,12
16,17
12,8
11,2
12,13
13,23
18,24
14,16
10,17
13,1
13,21
20,26
14,21
23,18
17,16
0,20
10,14
11,27
11,12
12,30
22,5
12,28
16,13
22,3
17,2
12,7
18,21
0,26
22,25
17,3
16,20
18,11
17,13
11,12
17,24
10,21
17,7
8,5
10,20
19,19
9,6
10,28
13,26
11,6
12,25
13,4
11,16
15,26
14,8
10,7
13,13
9,3
18,7
18,26
11,13
18,7
15,1
6,2
15,6
13,5
11,1
18,3
12,25
14,13
16,17
8,18
13,3
18,5
15,25
8,19
21,16
18,6
22,11
14,29
13,25
14,20
10,27
11,17
17,9
15,3
18,26
14,20
14,20
10,21
9,20
16,18
21,27
10,1
11,17
17,27
18,19
16,6
10,13
11,8
16,29
9,24
16,19
12,1
11,24
14,14
18,8
14,17
8,20
13,24
13,24
13,4
8,19
14,26
12,5
14,22
9,18
17,3
17,16
14,10
15,27
13,24
9,6
10,5
16,19
12,21
22,26
16,31
16,12
11,10
12,9
10,1
12,11
17,26
18,5
3,15
13,12
16,26
14,17
8,28
18,18
16,10
16,17
18,13
12,14
18,22
16,4
9,8
9,21
13,14
9,26
10,3
23,2
14,1
14,13
14,12
12,23
16,25
22,23
10,19
13,8
13,27
12,12
18,15
6,24
9,20
16,23
10,23
17,21
13,11
18,8
21,24
13,23
17,23
9,7
13,10
15,3
18,22
21,29
11,13
18,14
11,5
10,18
5,1
9,3
17,12
17,16
8,23
15,6
12,20
18,17
18,1
10,24
12,2
18,19
11,1
13,31
7,28
19,8
18,17
11,12
14,13
23,1
9,9
7,21
5,1
17,26
15,11
14,12
18,9
12,30
14,22
19,24
11,4
13,4
16,25
16,30
18,25
20,11
12,3
2,1
13,2
17,1
14,13
15,30
14,29
17,26
13,1
23,13
13,18
18,3
18,21
11,10
23,8
12,10
12,31
16,14
20,30
13,5
16,16
10,22
14,1
14,3
12,2
12,2
8,14
9,13
13,14
12,11
11,10
13,21
5,1
12,3
16,14
16,31
14,30
14,26
20,10
18,12
16,18
14,1
7,14
15,21
15,5
19,9
11,15
14,4
16,28
16,25
10,2
9,12
13,24
0,24
23,27
10,20
19,3
14,21
17,2
8,13
15,25
15,8
15,31
12,1
18,19
8,1
16,29
17,27
12,18
19,12
19,13
15,23
12,24
13,5
17,8
8,9
11,3
12,11
9,5
15,16
18,7
15,1
9,25
17,29
18,20
11,7
11,7
16,20
8,28
9,28
15,21
9,13
14,14
7,2
10,9
14,16
7,3
18,18
14,22
15,28
19,28
14,12
13,23
12,10
18,24
9,27
16,26
15,18
15,24
20,15
18,7
19,1
13,13
13,24
11,4
10,3
15,25
6,27
10,27
19,13
12,1
11,21
7,12
11,22
16,9
12,14
14,28
8,15
7,18
16,18
14,20
13,10
18,22
9,19
15,3
10,24
11,7
11,21
9,16
15,6
6,7
17,28
7,4
9,5
18,8
14,25
8,19
15,21
15,18
14,6
15,5
14,12
21,26
16,25
10,17
11,27
15,1
13,23
21,15
15,13
10,23
13,7
13,31
9,7
13,5
16,18
14,17
23,31
17,25
16,21
14,25
17,24
14,28
15,19
14,20
8,18
11,31
14,23
20,5
10,13
9,4
18,14
9,28
10,30
8,23
12,18
17,19
11,28
13,8
19,23
8,29
13,1
14,20
11,28
16,5
13,1
22,19
17,1
12,24
9,2
13,8
23,25
14,30
8,17
20,1
11,17
15,28
11,30
15,10
12,10
8,6
8,10
20,7
14,6
11,24
8,2
7,19
13,8
17,24
9,30
10,8
21,3
20,16
7,13
16,25
16,20
18,4
15,21
6,12
20,30
6,12
20,23
12,6
15,16
23,3
13,18
15,10
14,18
9,9
16,9
10,30
15,29
14,14
20,2
16,31
11,4
14,27
12,31
10,16
9,14
12,12
14,18
12,19
14,12
22,20
18,30
14,8
12,3
17,10
16,14
18,16
23,4
10,5
21,7
14,24
21,23
10,25
14,22
10,13
13,13
7,10
12,23
8,30
7,8
17,31
9,20
17,20
11,2
9,13
8,13
15,29
9,28
17,23
17,11
17,3
14,23
22,24
15,17
18,1
14,7
19,3
13,28
8,1
15,19
15,18
9,29
13,14
18,26
9,14
16,30
8,29
18,3
6,23
16,28
17,27
15,17
8,3
22,2
17,25
10,1
8,11
8,3
10,30
10,6
21,20
14,14
16,3
9,11
15,27
13,13
12,17
17,17
11,19
17,10
16,17
16,31
21,1
12,24
23,26
19,1
7,19
17,16
14,16
13,14
15,10
14,18
11,25
8,19
9,19
7,5
21,1
10,3
7,28
9,24
15,14
9,11
15,19
9,30
22,11
14,17
12,20
19,20
17,1
12,17
16,9
14,19
16,19
18,15
12,10
10,29
9,28
8,28
9,24
11,10
12,11
15,20
10,19
10,5
21,24
7,27
14,30
18,1
13,19
8,19
14,12
10,19
12,18
8,12
18,31
13,23
14,5
16,30
13,14
10,25
7,17
18,9
7,1
18,26
23,29
13,3
12,16
11,19
9,3
8,5
19,4
9,1
7,25
11,29
19,26
18,29
20,19
9,2
21,10
17,2
10,26
18,3
6,2
16,11
17,26
16,20
12,13
12,11
15,1
13,5
12,9
19,18
9,29
9,15
14,10
13,6
14,3
20,13
22,13
6,23
21,8
12,8
15,12
16,1
8,6
17,3
20,24
21,11
18,8
16,17
20,9
15,14
16,28
14,13
0,1
17,27
13,5
11,17
16,27
9,31
12,10
14,16
14,20
20,4
14,6
13,1
10,24
11,11
17,1
9,16
17,21
11,23
17,22
14,1
12,17
13,28
22,28
18,5
7,16
17,11
11,25
7,23
10,25
19,24
13,10
11,27
14,20
10,11
12,23
7,6
15,8
14,25
16,25
20,24
10,26
15,14
16,24
11,1
9,9
13,4
10,20
18,9
16,7
14,10
11,25
16,19
21,2
15,1
19,11
11,13
5,23
0,1
8,9
20,2
12,25
16,6
23,1
12,25
11,25
12,8
12,9
13,19
20,14
9,19
17,10
13,1
14,17
19,1
17,22
13,4
16,30
11,3
11,11
16,15
9,13
14,19
21,24
11,11
17,27
14,12
15,28
16,20
14,26
15,9
22,24
8,11
18,18
10,29
17,11
12,19
9,4
7,6
8,6
18,18
13,24
20,30
17,7
19,20
21,12
10,14
18,2
13,26
9,4
21,27
8,17
12,27
17,12
12,6
15,13
19,8
17,6
13,14
9,26
22,31
0,4
15,30
15,8
15,4
18,10
20,24
20,10
11,7
13,5
14,27
20,30
14,23
17,24
23,6
15,5
22,10
12,25
13,6
10,28
22,15
20,3
16,18
18,26
15,21
18,8
16,14
22,16
16,3
18,29
18,20
14,10
14,11
19,5
8,1
11,26
11,24
8,12
11,20
20,6
19,5
14,25
13,24
15,18
22,2
15,24
9,17
16,23
13,9
9,19
22,14
15,2
12,16
13,16
9,11
12,3
17,12
18,27
17,23
17,25
6,26
18,4
23,1
9,15
16,31
18,1
13,14
17,17
16,3
18,22
22,22
9,14
15,1
9,15
20,31
14,12
8,18
16,28
16,11
12,12
16,19
12,20
14,28
14,9
16,13
15,18
9,12
17,21
9,9
16,17
18,1
20,15
18,15
10,11
10,18
9,29
18,10
13,3
17,7
13,5
21,8
16,12
14,8
18,27
11,23
21,12
12,11
17,17
0,11
15,28
19,9
19,16
13,3
14,19
9,17
17,11
18,10
14,18
10,20
0,29
20,2
6,16
22,22
11,11
17,21
11,13
17,8
18,9
12,31
9,8
18,15
13,20
20,21
12,6
13,28
5,24
12,7
15,1
16,2
11,14
21,29
7,28
10,10
21,17
12,5
19,7
13,6
8,5
11,7
20,19
12,11
3,3
10,17
14,1
7,8
17,24
15,6
21,12
23,17
9,7
8,12
14,11
10,24
19,19
11,5
9,15
16,6
11,31
14,1
19,3
22,11
12,8
7,1
17,23
14,2
13,30
11,6
17,13
18,1
19,23
12,9
8,14
7,6
8,24
17,20
9,12
11,27
19,22
11,3
9,21
18,24
15,6
11,6
10,8
12,21
14,27
19,21
18,16
23,12
7,24
11,6
7,29
11,26
13,26
12,1
14,19
14,1
15,29
12,2
16,29
18,24
13,23
18,15
22,27
21,29
19,3
7,3
17,16
11,12
8,20
9,19
18,6
12,31
12,18
8,4
14,19
14,19
18,5
16,3
7,11
9,8
22,10
18,3
17,6
19,9
14,21
13,21
15,30
11,29
15,27
18,12
13,6
7,23
11,17
10,18
15,25
23,18
15,16
22,22
15,14
15,6
8,18
12,14
23,8
15,28
15,25
16,3
16,13
9,19
18,18
13,31
14,29
11,1
17,14
11,27
13,1
7,29
19,2
17,3
13,23
10,16
14,17
18,13
17,26
10,25
13,1
18,19
10,7
10,4
12,3
12,1
14,13
18,28
12,15
6,27
12,14
9,17
11,3
14,12
18,10
13,20
8,3
18,5
18,25
10,7
15,13
17,24
18,25
14,5
14,5
12,16
22,6
18,22
9,23
12,3
17,25
16,3
13,1
17,26
9,30
19,19
19,21
9,27
13,20
10,2
15,27
9,14
18,1
11,13
22,1
14,4
8,24
13,14
8,1
18,12
15,1
11,27
17,13
11,23
22,13
17,3
16,6
10,5
8,15
17,17
15,23
8,30
8,22
16,28
11,16
12,27
15,27
11,15
13,12
16,5
13,21
16,11
12,10
14,5
13,3
10,19
16,1
16,21
16,5
11,11
19,18
13,11
6,4
8,31
16,18
19,31
13,13
12,3
15,24
15,18
15,13
16,29
10,7
8,3
16,27
23,2
10,18
12,3
14,8
16,19
18,15
8,11
13,19
8,18
16,20
12,11
17,5
19,4
13,11
14,5
9,17
7,13
19,5
15,6
9,3
14,5
9,8
18,4
14,18
21,5
10,31
7,3
13,13
12,26
16,21
10,30
16,13
10,25
14,13
22,23
22,25
16,22
15,24
8,20
18,30
13,12
16,12
12,22
11,10
17,26
14,25
16,7
16,1
18,1
18,23
16,16
13,11
17,5
11,11
12,24
12,16
18,16
10,20
14,12
22,29
12,11
11,17
19,9
6,31
13,30
20,29
11,25
20,18
12,6
17,20
15,5
19,19
11,14
10,25
11,5
12,12
9,12
6,5
12,6
9,14
19,10
10,26
11,27
12,3
15,10
15,22
9,11
10,26
14,14
17,7
17,12
23,6
8,11
18,1
11,10
8,22
17,3
11,28
16,23
7,3
18,11
15,18
20,10
16,27
16,14
22,16
13,5
9,29
14,14
9,7
10,11
8,3
9,26
12,10
8,23
17,14
17,24
18,20
21,14
22,10
15,21
13,11
23,21
14,28
15,15
12,16
16,11
22,2
20,19
14,23
14,15
12,25
14,13
23,12
19,16
20,13
22,7
16,12
19,10
15,28
15,20
6,6
22,2
13,28
8,5
4,1
4,20
20,30
9,14
14,7
19,14
23,1
9,24
10,9
14,13
16,30
17,6
14,12
18,12
18,28
23,29
16,11
15,24
18,24
13,29
15,26
18,17
9,18
9,3
9,19
14,31
21,23
19,22
9,3
5,5
13,16
22,6
12,11
11,13
9,6
18,28
10,26
18,2
13,6
13,19
18,31
9,24
11,5
22,6
15,10
17,30
16,19
8,6
14,14
10,23
9,6
19,30
15,3
9,28
11,19
13,8
18,16
12,4
16,21
14,21
12,4
17,17
7,28
18,27
11,30
13,30
13,23
10,6
15,3
16,6
14,28
10,17
8,14
9,28
17,22
13,14
14,12
8,19
17,19
15,20
17,8
9,8
9,15
13,11
13,25
15,23
9,13
14,14
16,22
15,2
8,12
10,1
17,18
20,3
14,31
12,10
11,14
18,7
16,15
7,18
11,4
22,6
16,16
16,12
17,28
15,23
14,2
10,19
14,17
14,3
19,26
18,19
0,22
17,16
2,14
18,19
14,13
20,20
5,30
8,18
23,12
13,4
17,9
15,17
18,29
13,23
16,18
21,14
12,5
15,1
14,4
6,13
12,14
5,13
8,11
8,14
15,30
14,18
21,27
11,29
9,2
20,3
20,8
9,27
10,17
10,21
14,1
12,29
14,26
20,19
18,2
15,25
17,23
15,25
11,18
17,11
12,3
16,13
9,7
20,21
13,14
9,19
10,5
13,22
13,8
12,1
21,1
8,9
10,18
14,16
7,27
17,22
20,21
9,20
17,1
22,23
9,3
15,20
14,4
13,30
8,8
13,1
11,12
11,12
13,7
14,21
13,23
8,17
15,12
11,13
10,17
16,19
14,21
13,16
17,25
20,3
13,12
19,1
15,21
13,10
18,12
17,28
11,3
23,17
10,27
12,21
12,14
13,22
6,20
14,16
12,14
8,22
8,6
14,9
20,3
10,16
12,17
7,16
12,25
18,8
11,18
20,10
20,27
11,6
1,20
13,23
18,8
17,31
17,1
14,29
17,18
13,23
9,5
9,19
22,31
16,19
14,17
12,17
12,27
9,18
11,26
14,6
16,28
12,12
18,28
14,24
17,25
10,1
18,28
16,7
17,26
12,14
13,11
13,4
14,11
13,7
18,27
11,7
19,28
9,21
9,12
16,29
14,6
10,29
20,5
5,4
11,16
22,16
21,27
15,20
8,24
0,29
10,20
9,11
16,1
18,6
11,5
14,13
13,5
18,14
12,2
12,20
16,5
14,19
11,30
16,29
15,10
10,31
9,1
12,1
20,14
11,16
14,1
22,17
14,3
15,19
16,31
17,1
10,21
15,21
10,25
7,24
16,23
0,29
17,12
8,12
11,18
14,18
19,20
16,17
13,4
15,26
17,20
12,10
18,21
14,24
19,1
13,8
10,1
16,20
18,4
13,7
12,18
16,25
13,17
10,23
17,7
8,25
17,30
12,23
12,18
14,3
16,11
3,8
19,22
19,1
9,13
14,25
20,7
8,28
11,29
10,25
17,6
16,30
16,1
13,2
8,8
10,2
10,3
20,3
11,19
17,10
18,4
14,25
11,3
10,2
7,18
19,12
13,21
10,24
9,25
13,24
19,26
17,11
21,9
14,8
8,11
17,11
14,20
13,3
17,12
17,10
19,13
10,21
17,5
10,4
17,27
7,28
21,11
12,11
20,24
11,13
11,17
12,23
19,17
15,3
17,18
9,26
16,21
9,1
19,30
12,3
14,1
4,19
11,12
9,16
13,22
15,24
23,20
15,14
17,30
6,24
11,23
16,14
17,5
15,6
15,17
9,6
18,1
17,25
14,23
15,31
12,1
7,25
18,5
11,19
15,1
17,26
16,31
15,23
22,16
12,28
10,24
17,16
23,2
7,26
16,25
11,1
15,13
17,16
12,30
13,5
10,20
3,3
7,13
15,9
16,16
14,24
15,18
15,16
11,26
11,3
16,11
8,4
15,16
6,25
0,15
12,14
16,15
10,23
16,14
16,1
14,4
16,14
9,11
22,8
14,16
8,31
11,21
19,27
18,5
13,12
13,11
11,23
20,3
18,3
18,3
0,26
18,27
10,5
13,25
12,1
18,1
21,30
15,1
8,1
17,13
8,16
13,8
18,31
16,27
19,3
22,9
13,12
19,9
22,16
16,26
8,14
15,9
20,1
15,9
21,6
10,20
15,26
14,1
17,1
17,2
10,25
14,31
17,16
20,28
16,4
21,24
7,24
8,18
14,19
9,24
17,20
17,25
7,20
10,22
9,3
19,30
8,9
14,5
15,8
22,23
15,10
13,17
22,11
8,2
12,4
11,14
8,29
18,9
16,23
8,12
18,10
21,16
8,27
16,24
18,25
12,24
9,16
16,13
18,19
19,12
12,31
10,11
18,22
7,23
17,10
7,23
18,29
16,21
11,17
10,16
10,14
9,14
8,8
17,20
21,26
11,27
10,29
20,17
11,17
23,25
0,26
8,17
7,22
21,10
17,21
17,23
11,19
17,6
11,14
18,2
21,16
18,4
18,4
17,30
19,2
14,20
16,27
19,27
10,15
13,23
8,18
18,2
13,21
15,17
15,13
9,15
15,1
10,18
18,20
11,15
9,2
12,17
20,13
15,24
10,30
15,21
14,16
9,26
15,1
18,2
12,7
20,25
23,24
15,4
9,21
16,5
10,7
14,18
15,20
16,20
8,15
15,7
15,16
12,13
13,27
14,24
23,13
17,7
11,6
15,5
18,16
11,20
9,30
9,3
13,23
20,26
15,3
19,13
11,16
23,4
13,6
19,26
18,3
22,22
17,18
18,20
11,17
11,24
10,21
13,19
18,4
19,12
18,25
11,6
18,19
15,26
12,20
12,1
8,26
18,2
16,19
7,10
17,1
11,23
18,23
13,20
18,20
12,24
12,11
15,21
9,4
17,12
10,11
20,3
16,9
12,21
12,9
10,19
12,29
15,8
10,1
10,30
15,22
19,1
11,27
11,19
14,13
17,29
12,14
21,25
13,10
21,17
13,6
13,28
12,3
13,13
14,26
9,16
16,27
14,15
16,6
16,29
6,4
20,3
14,17
16,17
19,26
7,22
14,18
18,26
11,30
16,6
20,6
11,27
13,25
17,21
14,23
13,14
12,7
12,7
16,3
11,3
14,26
13,1
18,22
13,17
18,16
20,22
12,1
19,12
7,18
12,20
19,3
14,5
14,5
21,22
14,14
8,1
17,10
18,6
14,29
23,13
15,21
18,31
8,18
21,10
13,18
18,1
10,5
17,18
15,28
12,20
18,1
15,15
12,6
18,30
7,14
13,23
8,31
14,1
14,25
22,1
13,1
13,2
15,31
16,24
19,3
19,19
15,11
22,11
16,11
16,24
17,26
13,27
14,21
12,13
14,1
14,20
17,20
15,10
19,4
13,6
14,11
16,3
16,23
21,17
13,14
15,10
15,22
10,22
11,11
17,4
22,29
12,7
17,3
19,14
12,29
11,14
11,19
17,20
16,14
14,12
8,4
11,5
19,27
8,7
16,10
18,11
10,9
15,9
22,21
13,28
12,25
16,30
9,27
14,8
13,3
8,8
11,3
9,3
9,8
16,13
8,30
13,31
16,5
6,22
12,10
15,14
20,20
14,11
15,27
16,26
19,29
18,12
18,3
12,20
14,21
15,8
17,10
13,6
16,7
14,25
21,19
16,20
10,5
8,28
9,12
22,19
14,30
8,1
15,8
10,28
9,24
12,13
6,30
17,8
16,10
8,21
9,3
20,1
11,13
12,1
11,19
15,29
21,10
17,10
13,14
11,10
14,13
8,15
2,2
9,5
6,19
18,10
14,25
11,14
9,27
11,7
19,6
18,1
11,3
17,10
18,30
8,13
17,25
17,12
8,18
18,13
3,10
13,23
9,12
4,2
10,7
14,7
16,16
16,5
18,25
17,27
18,1
10,25
16,21
4,4
18,13
11,5
8,2
9,29
8,14
17,19
0,3
9,2
21,14
15,8
18,30
15,21
20,24
16,17
12,27
10,23
18,5
15,22
23,10
20,26
15,10
14,27
21,18
18,10
8,3
14,21
21,16
10,23
9,11
15,9
21,3
10,4
18,1
15,6
9,22
8,3
16,18
10,23
10,13
12,4
8,18
8,27
14,4
15,3
15,6
14,10
16,2
11,16
15,10
22,1
20,27
11,27
5,4
14,6
12,19
15,17
14,5
10,10
9,11
14,21
14,23
23,12
19,3
16,23
9,19
8,17
8,26
7,24
12,17
5,10
17,5
13,5
13,18
18,3
11,12
19,28
13,3
14,26
10,23
9,1
9,12
9,28
9,13
7,1
21,12
12,27
11,24
15,17
9,11
23,18
14,11
17,28
12,3
15,10
8,14
15,9
6,29
15,26
22,14
17,11
14,16
14,12
13,3
17,12
13,7
15,13
11,16
20,23
9,3
12,21
10,12
14,24
16,4
22,8
9,3
15,10
18,19
9,3
21,31
15,26
18,20
14,7
9,25
15,1
13,14
10,29
7,28
17,5
8,23
7,25
15,18
18,5
10,27
9,12
7,5
8,19
9,16
15,6
9,24
11,11
15,28
9,18
12,18
18,7
13,1
18,14
15,15
16,17
9,27
14,30
9,3
14,13
10,24
14,9
11,29
15,26
20,19
16,3
20,6
13,19
19,8
13,21
16,6
9,21
9,30
13,3
19,27
18,23
15,2
15,14
20,10
10,6
21,13
23,1
15,4
21,10
8,14
12,21
14,3
8,13
14,29
14,23
13,30
0,13
17,19
19,2
9,21
12,27
9,26
10,13
19,31
15,2
9,29
22,27
12,13
13,24
13,29
8,1
15,27
9,4
21,13
15,22
19,29
12,20
18,10
12,1
18,8
7,16
10,16
10,23
22,10
7,5
17,14
10,30
18,4
15,24
11,10
21,26
8,15
17,8
18,19
15,9
7,10
14,18
9,3
17,29
14,28
17,6
14,12
12,11
9,16
19,11
9,23
10,30
9,30
17,11
17,24
15,24
9,11
11,17
11,21
22,3
17,20
11,8
12,24
12,25
22,26
10,6
9,4
18,23
21,3
16,4
15,4
18,25
16,10
10,21
8,21
9,5
13,1
10,2
23,27
11,4
8,25
16,28
13,7
18,3
10,26
13,27
15,13
13,29
10,14
12,25
19,16
10,27
18,14
9,3
18,13
19,25
5,21
15,6
13,3
19,29
14,12
21,23
18,30
21,3
0,20
17,5
21,22
9,23
18,29
13,3
15,25
18,3
8,24
17,4
18,4
11,7
14,20
10,9
18,31
17,18
13,18
4,30
10,6
15,1
9,28
20,8
15,17
15,3
18,23
14,13
9,17
11,4
13,5
17,13
18,17
14,19
14,21
18,5
7,11
12,24
6,15
7,16
11,4
12,20
18,14
11,3
7,19
17,16
15,13
20,14
22,29
16,25
20,16
18,7
13,10
14,7
16,1
9,17
19,20
16,20
17,26
18,1
18,1
11,3
17,27
11,3
22,10
15,9
15,7
12,20
1,5
8,16
17,1
15,7
14,6
9,6
15,17
13,20
16,1
13,3
17,18
10,5
8,15
18,9
11,18
13,21
9,17
6,3
10,16
10,17
18,21
15,27
11,14
16,14
16,31
17,23
11,24
17,12
9,6
10,8
9,2
16,20
13,26
13,8
16,24
17,13
12,16
17,22
8,22
11,14
7,29
10,3
10,10
13,20
11,13
17,18
14,12
16,23
15,23
5,18
16,23
9,23
14,2
7,1
14,24
12,23
9,5
0,3
18,30
16,19
0,3
10,8
18,16
16,29
10,16
10,20
13,14
18,5
18,1
16,4
23,11
7,5
13,11
20,3
21,4
22,19
9,15
8,21
12,12
15,1
15,25
17,21
17,24
9,10
15,2
14,21
16,10
19,27
7,15
11,24
18,13
12,28
17,11
21,13
8,16
13,5
10,6
19,13
12,7
22,4
18,19
9,26
8,19
18,14
17,7
20,19
18,29
15,4
14,27
15,10
13,18
18,11
15,27
16,19
18,6
19,27
8,5
23,21
17,23
6,3
14,19
13,5
16,24
18,19
23,3
19,31
9,24
17,18
10,25
18,1
11,3
17,3
10,12
11,20
8,28
15,22
10,18
14,3
15,9
20,14
16,20
18,24
10,4
12,14
7,4
17,22
7,12
21,23
11,30
20,4
13,20
13,6
14,6
19,26
8,12
16,13
19,12
19,12
18,29
20,5
14,12
12,9
9,20
11,15
14,6
17,5
16,17
14,3
17,7
21,20
10,26
8,23
22,26
14,5
20,18
15,25
12,28
21,15
14,5
13,31
8,12
18,13
9,19
8,19
10,17
8,24
20,19
6,6
12,19
16,10
19,8
19,21
19,23
13,3
2,17
10,10
18,21
11,18
16,24
15,10
2,4
16,31
8,13
7,26
20,12
14,30
13,15
14,17
18,6
13,23
13,21
13,19
9,7
23,1
10,12
14,24
22,21
18,1
14,7
12,12
10,3
15,9
8,12
23,14
12,1
14,20
18,18
19,16
16,1
11,27
17,18
8,30
20,10
17,4
10,4
16,5
8,22
18,17
14,20
12,25
13,31
7,14
17,27
12,29
8,19
19,8
9,15
16,13
20,17
15,12
17,15
16,18
14,5
18,25
19,11
5,17
15,7
10,8
9,25
12,2
12,1
9,17
18,19
11,23
15,24
17,19
12,28
23,4
7,25
12,14
6,26
13,5
12,7
8,30
10,8
11,13
7,3
8,21
17,31
15,21
14,28
10,18
10,28
9,23
4,19
22,17
10,13
15,18
12,13
9,4
12,14
17,7
9,1
19,31
17,17
13,15
19,7
10,1
18,14
15,25
15,23
14,20
15,18
1,8
10,22
14,14
17,17
17,25
13,21
10,30
9,26
0,4
13,9
21,6
18,11
13,5
18,4
9,28
17,21
11,21
20,25
18,11
9,4
15,13
18,9
13,8
19,27
14,7
9,21
12,1
15,13
14,12
19,13
17,2
14,1
16,25
12,17
19,8
20,9
19,10
17,24
17,27
13,22
18,24
18,1
10,23
11,25
14,11
22,26
11,29
11,19
11,19
13,30
17,13
14,27
15,27
13,15
14,5
10,16
14,1
14,24
15,28
18,31
16,28
20,23
9,7
11,18
13,24
14,16
17,18
16,14
8,28
11,16
15,17
21,7
15,24
13,25
10,11
13,18
11,5
11,5
17,13
21,28
13,8
12,14
15,24
9,22
16,30
23,3
10,28
8,4
8,26
18,28
12,7
17,14
8,15
19,20
17,12
9,24
16,20
16,8
14,5
20,12
12,6
7,3
10,1
16,21
10,14
17,27
12,24
14,22
16,30
23,19
10,3
8,3
14,18
12,1
19,11
13,29
16,25
7,25
15,3
14,31
10,18
16,12
18,20
9,5
17,5
12,14
21,3
14,18
9,26
20,4
12,26
18,14
17,10
8,18
16,5
14,28
17,8
17,26
9,21
12,5
21,19
13,14
9,4
19,7
18,3
17,14
22,11
16,20
13,21
14,26
14,9
18,3
10,21
15,7
17,13
11,14
16,29
16,14
18,29
18,14
13,7
9,30
14,5
12,22
14,1
7,7
8,16
20,8
9,8
18,4
13,23
11,4
13,23
15,24
14,9
8,16
17,26
16,16
12,3
15,7
12,2
13,7
10,28
11,20
12,23
17,12
17,3
0,8
11,30
14,20
14,13
22,14
11,9
16,11
23,15
6,19
11,10
16,10
13,5
13,18
19,11
17,13
18,15
11,13
8,8
10,10
15,25
9,3
14,24
16,6
13,3
19,20
12,11
11,6
10,19
10,10
17,6
12,12
19,5
14,17
17,4
13,11
17,17
12,22
13,20
10,4
11,15
13,12
13,27
13,5
9,7
14,17
16,12
10,6
17,3
13,14
9,5
16,18
14,24
9,17
10,4
9,3
14,25
10,25
7,24
10,3
10,23
0,17
10,1
15,29
22,5
16,4
19,23
3,2
17,12
12,23
9,23
11,27
12,29
18,12
11,7
12,16
12,5
15,13
13,17
21,22
21,16
11,3
12,23
20,3
21,19
21,18
13,22
19,27
13,27
17,2
13,28
11,5
17,2
10,5
10,16
20,21
23,13
13,14
18,6
9,10
10,17
11,26
19,28
23,22
21,4
16,5
10,30
19,3
14,10
9,7
14,3
20,26
23,26
14,1
17,24
14,6
15,24
15,26
7,12
15,11
18,19
15,13
14,25
11,6
16,13
15,27
11,1
8,25
14,19
18,11
15,6
18,23
23,27
11,8
18,14
15,22
19,27
11,3
9,31
10,3
19,22
13,18
12,8
10,16
9,23
16,4
17,19
19,27
8,5
16,20
15,14
10,19
11,10
11,13
13,27
13,17
2,15
0,23
10,9
9,11
17,14
13,1
17,11
17,18
14,25
10,6
12,3
10,19
11,21
9,11
11,7
21,5
12,2
15,13
17,21
8,22
7,5
15,3
16,9
20,25
13,16
7,27
16,3
11,26
11,1
8,2
8,25
13,26
8,13
10,23
15,21
8,13
13,25
9,3
11,28
10,18
18,5
16,1
7,14
15,19
19,11
16,18
9,17
18,17
10,13
15,3
18,29
12,29
8,18
14,13
11,16
9,24
10,11
9,21
12,14
12,30
13,29
14,10
11,14
19,5
18,1
17,29
21,21
15,11
6,27
13,12
16,10
12,20
8,22
8,27
9,1
15,19
15,20
17,20
12,6
18,6
11,10
9,19
12,17
11,14
11,17
14,18
14,11
21,22
17,15
18,29
9,2
15,29
16,30
8,21
11,2
18,21
10,30
8,20
21,27
16,3
16,20
7,16
14,30
15,20
17,26
17,24
10,21
9,30
14,3
16,11
17,23
18,9
13,27
14,3
4,2
20,21
8,24
10,13
15,7
9,24
12,10
10,16
22,15
12,16
11,7
7,18
7,14
10,5
12,6
16,10
14,25
12,15
16,16
8,8
11,25
13,23
11,11
8,1
11,1
8,20
7,17
2,27
13,18
21,6
16,21
9,11
16,10
16,8
18,4
8,17
14,22
16,31
15,10
17,2
13,20
14,29
12,13
14,5
11,6
11,7
18,8
12,28
10,22
16,13
17,26
17,29
13,21
9,30
11,4
13,20
11,27
13,9
12,7
10,17
17,10
18,26
12,26
18,4
17,4
13,17
11,6
13,6
20,15
13,5
14,23
11,16
15,6
13,18
19,12
14,28
1,2
21,7
18,23
14,20
8,13
17,8
17,3
18,18
14,21
5,27
9,31
15,8
12,16
12,9
17,29
11,16
13,21
11,30
9,26
16,19
12,12
11,23
10,16
13,18
17,1
10,27
7,1
15,12
16,19
15,6
17,10
17,14
2,25
22,19
9,24
14,21
15,5
8,13
11,24
11,18
17,1
12,31
19,6
14,28
13,14
8,27
8,5
10,22
21,28
19,24
15,3
10,26
0,14
16,29
21,17
17,27
14,19
12,6
9,1
20,5
5,21
11,22
11,5
18,23
23,24
17,28
16,5
10,1
13,30
0,19
22,11
15,5
22,24
17,27
12,7
7,13
15,24
8,3
12,22
14,1
17,14
17,3
8,25
19,24
14,25
2,23
8,21
15,27
17,16
19,22
16,11
15,16
14,29
17,17
14,11
9,6
11,11
15,26
17,26
18,15
15,3
8,28
17,28
22,24
11,1
17,5
11,3
21,6
12,1
10,8
10,21
15,10
19,27
12,5
15,19
22,29
12,17
14,24
17,11
19,17
11,28
16,3
11,20
21,9
17,19
18,12
20,14
16,17
17,9
17,25
15,8
10,17
18,22
11,29
15,17
18,17
22,12
11,31
10,26
11,13
16,16
17,8
12,3
20,3
18,4
7,28
14,24
19,13
18,26
15,23
17,1
9,1
13,2
20,12
18,26
15,21
15,22
9,28
13,4
14,17
13,5
17,23
14,11
9,5
9,15
10,17
15,12
16,7
23,2
16,31
22,20
11,25
16,13
17,17
16,23
18,28
12,20
11,30
12,5
11,29
9,30
23,22
20,4
17,12
12,12
17,11
16,1
16,20
14,25
16,12
17,24
15,21
8,3
12,19
11,1
16,7
15,28
15,25
23,4
8,18
11,22
11,28
18,25
12,12
13,17
18,3
17,17
14,1
21,29
16,28
10,12
18,2
17,16
12,7
21,3
15,14
18,27
19,30
12,11
9,13
18,14
13,26
12,5
18,3
6,6
18,12
12,25
22,25
14,13
15,9
12,21
9,25
17,7
13,21
17,3
7,6
11,21
10,12
13,30
19,12
8,2
20,22
18,19
13,20
23,27
13,8
18,18
14,30
15,29
10,20
8,20
12,4
9,7
17,27
9,1
13,11
12,2
8,13
15,5
17,26
15,7
9,29
23,19
8,10
0,15
8,2
17,5
10,17
11,8
0,30
13,25
14,3
12,30
13,27
8,15
13,23
10,17
11,5
17,24
8,9
0,20
21,21
16,24
13,23
8,17
20,7
16,2
17,12
18,3
11,1
10,4
17,4
16,3
17,28
14,14
16,10
11,7
12,1
13,1
14,22
8,7
12,14
8,16
14,17
13,1
11,13
23,5
10,12
13,28
10,14
8,24
8,30
8,20
15,26
13,13
11,25
17,6
10,10
15,10
13,30
12,19
10,19
23,22
16,22
9,21
15,5
12,22
7,28
10,13
12,7
22,16
2,29
11,12
17,29
13,10
16,3
17,18
13,27
15,3
15,15
20,21
7,18
13,2
20,3
9,13
9,17
4,3
12,27
17,1
11,17
14,21
16,22
9,6
15,8
11,3
16,12
17,3
18,12
14,11
18,11
9,17
15,25
14,17
19,26
13,13
21,18
10,10
8,13
10,31
16,11
17,9
18,25
4,11
17,14
10,2
17,10
8,5
9,29
20,28
11,25
15,5
15,22
9,30
18,22
15,25
14,5
11,13
10,21
12,23
15,4
12,18
7,16
17,9
18,20
7,24
11,19
22,23
14,7
18,20
8,10
15,18
12,10
15,4
15,19
8,10
10,5
10,16
11,24
17,29
10,3
14,25
17,6
17,29
8,18
18,11
14,19
11,3
14,20
11,20
10,22
17,24
21,4
18,7
10,6
17,8
17,5
20,30
15,25
16,1
10,13
0,18
8,10
17,21
13,7
9,3
7,7
14,27
18,27
23,22
12,12
17,27
14,25
14,24
17,13
14,6
11,26
12,30
15,13
14,18
17,1
19,11
13,26
15,1
22,7
14,10
15,13
11,4
12,3
18,25
14,14
22,22
15,17
8,20
15,19
22,11
13,3
15,13
11,21
17,25
15,7
8,17
13,16
13,16
20,19
13,6
14,1
17,1
18,7
14,9
23,9
22,10
17,12
13,25
18,26
11,18
12,6
14,4
14,23
11,18
14,6
16,10
16,15
22,14
6,20
16,4
9,4
18,11
7,28
10,3
16,29
13,18
10,5
17,1
21,7
15,15
22,13
14,25
15,13
20,4
21,11
14,18
17,22
21,13
17,1
11,18
18,6
7,10
22,11
9,11
10,28
18,31
10,18
11,17
12,13
16,26
8,31
16,28
13,4
8,16
17,28
12,1
12,14
10,6
12,19
17,17
13,21
14,7
14,21
6,5
14,24
18,3
10,26
18,13
9,12
20,23
11,1
2,4
11,19
19,15
14,1
15,29
13,13
22,18
23,3
14,21
12,26
17,18
18,18
12,25
18,1
10,3
12,20
14,23
13,20
13,3
14,13
14,13
11,7
17,13
11,6
13,30
9,30
19,26
14,13
22,23
14,31
9,8
13,19
11,14
17,19
19,3
15,1
11,17
17,7
16,25
17,13
21,10
15,16
7,9
9,24
18,23
5,3
17,29
11,18
12,24
14,13
20,28
15,13
23,25
6,30
22,12
16,25
15,3
11,6
18,29
22,11
17,10
17,20
18,22
14,23
9,3
0,19
6,4
17,3
16,13
20,7
9,14
12,1
12,3
15,5
13,5
16,21
21,3
8,25
23,6
20,19
7,4
13,25
8,2
15,13
16,19
11,1
13,6
19,24
18,7
21,26
13,5
15,23
16,14
12,28
18,3
18,12
12,21
17,29
21,1
18,16
16,11
17,14
11,13
2,22
10,5
16,19
10,8
15,1
17,28
14,24
9,13
15,27
15,17
18,27
15,3
14,25
14,17
18,20
11,18
12,8
17,27
6,17
19,1
15,3
12,17
9,30
9,16
17,1
13,18
17,1
15,10
13,31
18,6
17,28
18,31
9,24
19,14
15,27
16,27
22,17
21,15
22,2
15,18
17,30
19,20
22,1
16,4
13,24
14,27
23,24
11,6
20,30
14,6
18,23
16,10
5,5
14,13
18,19
21,19
16,14
16,22
17,18
9,23
11,29
19,8
15,5
11,3
14,9
21,28
10,10
15,5
13,5
15,11
10,11
15,23
14,17
14,3
13,1
14,1
17,27
16,1
13,4
7,26
18,26
10,23
12,29
8,24
16,31
13,16
17,10
16,11
14,3
13,3
16,22
13,1
13,17
17,12
16,26
21,3
17,10
15,17
17,1
18,27
16,28
9,18
20,14
13,28
13,4
15,18
15,21
10,25
12,18
14,14
16,27
12,23
9,28
12,14
12,29
8,1
16,26
9,17
19,29
18,1
11,31
17,1
17,19
12,21
12,16
17,9
8,6
7,23
9,13
16,16
18,25
7,6
10,27
13,18
10,24
15,19
19,22
11,4
12,13
18,1
10,18
21,18
8,29
19,24
15,11
19,27
11,19
16,10
8,6
11,8
9,1
23,5
10,6
14,18
10,27
20,30
23,4
14,24
17,8
22,1
10,9
21,19
18,11
12,1
16,17
13,16
18,11
21,28
14,1
12,10
14,10
19,21
14,17
12,19
14,18
8,24
18,29
11,11
17,5
12,20
12,8
19,18
8,11
10,11
11,12
9,4
15,30
17,23
16,24
14,8
16,13
16,3
22,15
13,29
9,24
9,18
18,3
7,1
15,10
18,12
11,1
10,17
7,1
15,1
10,3
8,7
15,10
10,2
6,14
9,6
17,3
10,23
9,11
11,5
10,28
11,3
9,1
8,19
13,14
14,8
16,7
9,25
6,13
8,1
21,5
11,7
8,20
21,2
10,13
20,1
10,3
16,17
23,8
18,20
13,2
17,5
14,17
18,21
7,13
2,13
12,3
19,2
11,8
12,21
14,18
18,4
11,27
12,26
9,12
11,22
14,19
15,19
16,25
16,3
9,20
12,14
16,22
12,14
10,13
14,21
13,20
17,8
18,17
12,29
14,24
18,8
11,4
18,12
19,8
10,8
11,3
16,16
13,27
18,12
12,1
10,25
11,28
13,27
10,27
12,29
15,13
17,3
13,3
10,19
18,13
10,16
19,27
8,19
17,30
18,27
17,23
18,20
18,5
19,2
20,17
16,16
16,3
13,7
10,22
11,13
8,27
4,1
13,1
12,17
19,28
22,24
12,26
17,18
16,6
20,1
17,5
16,3
20,29
21,19
10,24
11,6
16,3
14,8
10,7
16,1
19,30
11,29
16,14
17,19
17,30
10,21
12,27
17,7
12,11
17,6
12,27
13,19
11,6
8,6
9,29
21,17
13,11
11,10
17,20
16,20
9,12
14,17
15,6
17,24
13,12
17,18
11,7
1,12
22,5
15,9
15,27
17,7
9,26
10,6
13,4
18,10
17,26
16,16
7,5
17,24
18,25
1,3
13,23
20,14
10,28
21,8
18,8
14,6
0,3
7,14
18,3
8,18
15,19
19,22
17,6
21,4
17,31
21,9
12,16
8,28
10,26
16,13
17,3
12,10
9,30
17,30
6,15
11,10
11,6
11,27
15,15
17,20
9,21
9,27
17,2
13,1
16,30
23,19
11,27
12,20
15,16
20,29
9,3
16,14
18,7
15,3
18,27
17,3
18,7
11,3
14,28
14,12
13,29
16,4
17,3
12,24
13,29
13,7
12,6
19,23
15,25
14,14
19,23
18,28
13,6
15,1
15,6
19,19
14,24
17,30
14,29
14,11
17,7
12,15
16,5
0,17
14,20
21,28
13,15
9,13
13,18
16,18
20,19
8,19
13,4
9,13
18,13
18,17
2,5
15,16
20,16
14,24
19,2
16,6
18,7
9,27
10,3
11,14
12,11
11,25
18,7
8,23
10,23
17,4
8,19
16,29
17,16
17,10
15,11
9,19
10,7
9,6
16,12
18,23
12,30
11,1
17,29
19,7
18,23
9,12
16,29
19,20
17,6
23,10
10,11
15,24
15,6
13,20
14,18
11,1
18,5
11,29
11,25
18,1
14,2
15,11
18,4
15,8
10,20
16,10
14,19
9,23
13,3
14,27
16,7
16,31
15,21
14,25
16,25
19,19
18,20
10,8
20,24
16,25
10,19
11,23
13,25
21,19
9,13
23,8
18,1
14,25
19,16
14,18
11,17
22,30
13,3
18,23
5,21
11,10
17,17
13,3
17,5
18,10
16,30
17,28
22,3
13,1
8,17
9,11
11,12
23,19
11,16
12,20
17,20
17,21
16,14
14,13
18,12
9,17
12,3
11,16
18,4
19,1
13,1
9,21
0,21
12,5
11,20
14,24
12,20
18,29
7,17
7,17
14,26
16,31
13,16
0,1
17,7
19,8
20,3
8,10
15,19
11,5
11,14
19,26
7,19
13,26
15,7
13,20
9,4
9,8
8,25
16,11
12,29
9,11
18,7
17,25
16,23
0,15
18,21
18,7
14,16
17,22
16,20
15,24
13,10
17,19
6,11
17,1
9,6
16,24
12,3
10,8
8,11
16,3
16,10
17,10
18,7
16,25
12,14
13,4
14,22
6,1
8,3
17,26
17,30
15,7
22,21
11,10
16,19
9,27
13,6
17,3
14,17
13,7
7,10
8,31
13,19
14,6
13,31
7,11
15,24
22,16
17,7
16,9
23,1
13,6
20,9
8,20
8,12
17,10
10,18
9,12
14,1
8,22
13,27
18,2
14,4
12,28
16,13
15,5
18,31
15,23
16,2
15,24
10,24
21,8
13,29
9,8
17,1
10,24
8,23
16,18
9,3
19,27
19,30
0,4
17,24
8,10
8,20
21,7
8,17
17,3
10,4
13,3
20,3
16,6
1,18
18,27
10,14
17,10
19,11
11,22
12,3
12,1
15,24
12,3
16,7
21,13
18,23
15,19
15,27
8,9
23,29
11,30
9,4
11,19
14,29
15,28
17,7
8,31
18,21
7,22
11,27
18,25
13,17
12,8
19,29
16,12
11,24
17,8
21,31
19,28
12,7
12,24
14,5
10,18
17,1
12,16
15,24
18,3
18,15
14,16
13,20
17,23
11,16
8,1
18,13
12,30
9,14
13,3
19,13
16,4
13,8
17,23
16,19
21,24
10,24
15,10
23,27
23,8
10,6
18,15
18,1
11,10
21,19
10,5
14,22
9,27
0,21
13,12
8,30
19,29
14,17
22,3
18,2
0,17
10,15
9,30
17,24
17,14
9,8
18,19
8,18
16,17
8,30
9,15
0,14
8,6
7,25
14,6
15,3
17,30
13,31
15,10
17,11
14,25
16,11
13,11
11,6
20,12
8,11
11,5
9,2
8,30
12,8
9,19
20,30
14,7
12,14
18,28
14,3
19,20
8,11
15,6
10,26
20,3
20,14
23,1
19,17
9,10
18,20
19,18
12,10
15,23
18,27
14,20
18,12
17,26
18,2
8,25
18,18
18,18
14,15
11,10
11,28
18,15
10,24
10,15
8,20
16,12
12,18
14,14
14,16
17,5
16,29
16,5
13,1
13,6
0,23
9,20
17,24
17,24
5,29
12,20
20,5
8,13
17,14
7,22
8,8
7,23
21,15
19,24
13,4
18,27
15,4
20,30
19,26
11,3
15,3
10,6
14,3
8,18
22,21
18,16
13,30
15,1
23,29
19,28
16,17
4,27
22,3
17,31
18,27
15,11
19,25
15,27
14,9
10,3
13,17
8,16
17,10
11,29
8,17
12,18
23,19
9,20
19,18
11,14
10,10
17,19
14,12
18,23
8,30
13,21
17,18
15,17
12,8
9,12
15,17
18,20
14,27
8,20
14,17
13,18
11,5
14,29
14,12
11,1
13,28
10,22
7,13
17,1
7,1
22,26
8,18
14,24
12,28
13,13
13,5
14,30
11,11
10,30
18,23
13,17
20,24
10,4
17,24
16,1
10,16
15,25
16,19
13,29
18,7
3,18
12,16
10,28
8,8
20,31
11,28
16,22
19,1
12,25
17,3
18,1
13,24
11,31
7,24
17,6
9,25
6,22
22,28
10,18
15,4
14,18
23,5
16,4
16,17
16,14
18,13
11,5
12,13
11,11
11,6
11,5
12,9
11,24
13,26
12,25
16,13
12,5
19,18
16,20
13,1
20,24
15,6
18,8
13,12
16,31
17,30
19,17
9,21
7,14
15,25
23,30
9,7
16,14
8,14
10,24
10,23
17,7
13,3
19,1
13,12
8,22
23,30
9,13
18,30
11,10
14,10
12,3
9,10
8,24
10,1
12,3
9,1
20,12
23,30
13,20
12,8
8,16
16,20
12,6
7,23
15,1
12,21
10,18
18,6
22,13
16,3
11,10
14,1
17,16
12,12
19,12
15,6
19,11
9,6
8,22
16,7
7,23
18,17
17,17
19,2
16,17
16,22
17,30
9,1
9,22
16,19
11,25
14,8
14,3
14,30
15,15
17,3
17,11
12,21
12,24
15,19
18,20
16,28
16,5
12,4
15,25
12,3
7,3
7,15
12,12
14,29
4,13
13,1
8,15
10,1
9,15
16,13
14,26
4,18
21,5
14,3
11,26
12,1
12,24
20,28
17,1
11,11
18,3
23,1
8,16
21,6
7,29
6,23
9,3
16,11
16,12
11,15
8,28
4,2
12,28
14,5
10,14
15,9
17,21
13,15
22,26
13,28
12,27
18,8
15,22
12,13
8,25
10,1
8,18
9,17
9,23
6,4
15,20
20,24
22,21
12,20
11,18
15,25
9,27
11,1
6,6
12,10
16,21
10,3
2,17
10,19
8,20
7,5
17,5
11,18
19,8
18,19
15,7
12,14
15,15
8,18
9,23
11,9
16,11
13,7
17,9
11,14
14,4
11,2
11,16
10,11
11,27
10,28
11,23
11,1
10,14
10,17
17,12
8,12
21,28
13,4
12,24
22,25
15,11
8,7
8,22
17,1
13,5
14,18
9,11
15,11
14,22
14,18
19,17
7,30
10,5
15,29
17,6
13,19
16,25
18,3
12,10
12,19
18,12
12,18
18,9
20,26
22,2
13,5
11,30
15,6
18,24
18,25
21,22
12,3
7,21
17,20
16,25
7,3
11,22
10,17
18,19
12,3
13,4
16,25
17,8
17,19
15,26
8,6
16,22
15,23
21,13
13,23
16,13
9,5
11,4
12,9
17,23
15,21
15,8
11,19
14,3
18,6
0,11
11,22
18,17
16,10
22,2
11,5
8,18
14,10
12,16
8,16
19,4
15,22
13,21
11,12
18,23
18,14
14,24
16,21
17,3
21,7
10,27
16,4
11,14
15,7
18,17
7,29
15,16
20,7
17,28
16,3
17,10
13,7
14,23
10,27
9,18
11,23
18,18
17,17
14,29
18,13
18,6
10,6
17,4
19,11
18,28
9,10
16,7
15,26
11,24
6,5
11,10
18,26
10,24
20,6
22,26
17,1
13,5
22,4
19,17
15,31
13,17
16,8
8,18
18,17
17,15
21,1
16,6
12,27
13,22
14,25
12,17
20,1
12,31
12,31
18,5
10,18
8,26
20,25
12,25
18,16
21,23
0,15
8,25
18,21
16,30
11,3
12,3
15,3
7,1
4,16
20,10
15,6
20,3
13,5
12,1
6,19
9,5
17,10
20,5
9,25
23,30
14,1
9,11
13,24
16,9
12,6
7,31
12,23
15,21
14,27
9,23
23,19
11,1
19,22
17,9
9,28
22,9
13,21
15,16
23,21
21,30
21,6
14,3
13,1
15,14
18,6
15,3
14,30
15,9
17,21
20,28
16,13
15,26
14,21
10,1
7,3
13,21
10,5
15,14
14,5
9,13
13,1
17,27
18,19
11,3
16,10
19,14
11,22
19,29
17,2
14,21
18,15
19,6
23,20
13,6
14,18
22,1
15,7
17,5
10,15
17,29
10,18
10,24
12,14
7,1
12,11
18,3
14,28
12,6
15,19
11,28
17,11
12,16
9,17
9,15
8,27
11,3
13,24
0,28
8,26
6,28
16,24
16,1
15,28
16,11
18,23
7,26
11,1
17,17
9,1
13,11
15,3
17,21
13,27
17,10
13,4
14,18
21,13
18,19
15,27
0,6
16,17
13,3
19,15
12,5
10,2
14,3
9,10
11,10
15,6
16,18
15,11
19,3
14,6
15,1
18,6
11,31
14,19
11,1
10,6
15,1
9,31
17,26
16,19
17,7
8,6
21,11
22,13
16,8
16,31
16,10
3,4
17,7
17,11
6,8
13,8
16,25
9,30
15,22
11,17
17,11
17,13
9,27
19,16
19,24
12,31
10,22
9,7
18,2
17,17
14,11
12,6
14,8
17,26
16,11
12,23
16,6
17,31
15,5
10,11
18,31
14,3
10,31
19,23
9,18
14,25
17,21
14,20
10,7
10,30
16,15
6,12
9,13
11,22
17,1
1,13
9,27
15,25
9,27
13,30
14,7
16,11
19,22
20,13
13,10
8,5
7,13
14,14
7,24
11,28
4,4
11,26
14,14
18,1
20,7
13,27
6,28
18,16
9,26
12,28
12,22
8,25
14,6
10,25
13,8
22,19
16,2
17,3
14,20
15,18
14,16
22,25
9,25
17,26
11,12
8,24
11,23
5,19
11,14
13,31
11,31
16,12
13,21
9,24
17,19
15,6
16,7
14,7
19,25
14,6
19,23
7,23
14,23
16,17
10,23
13,12
16,27
10,3
16,25
14,10
12,24
11,27
14,28
17,21
8,19
16,30
21,7
16,10
11,29
17,18
11,3
20,18
15,9
18,3
10,12
8,24
15,13
11,13
14,24
15,16
14,8
17,5
11,18
15,24
16,6
10,1
10,3
11,10
13,6
13,4
15,10
15,12
16,19
6,10
22,21
15,7
11,7
15,19
17,1
10,16
17,30
14,14
17,11
21,10
13,13
8,15
9,23
16,13
14,17
18,19
15,24
23,6
19,6
11,1
13,11
8,15
14,12
10,29
11,17
13,3
18,10
11,22
22,7
0,26
8,11
13,11
0,4
7,17
16,3
22,16
15,27
15,1
9,28
15,21
19,6
17,7
15,17
18,3
20,10
18,3
15,23
8,21
19,27
17,4
20,3
15,23
15,25
22,22
8,17
13,7
15,3
14,1
10,12
17,20
20,23
14,11
8,8
9,13
14,5
19,21
7,25
13,17
17,21
16,5
15,27
8,13
11,11
8,27
23,19
16,4
20,9
13,26
15,3
10,14
12,12
15,26
8,15
15,19
13,24
16,1
8,4
14,12
1,6
9,7
15,23
13,25
18,10
13,24
20,23
16,17
18,24
11,26
12,2
14,27
10,14
19,3
11,13
9,14
15,31
1,18
17,4
16,1
